S5A,STA1W,WCA1ME,1-8C,S6,S39
0,0,0,0,0,0.01
0,0,0,0,0,0
0,0,0,0,0,0.01
0,0,0,0,0,0
0,0,0.02,0,0,0.01
0,0,0.04,0,0,0.02
0,0.01,0,0,0,0.01
0,0,0,0,0,0
0,0,0,0,0,0.01
0,0,0,0,0,0.01
0,0,0,0.01,0,0.01
0,0,0,0,0,0.01
0.05,0,0,0,0,0.01
0.43,0.39,0.63,1.48,0.48,1.33
0.12,0.07,0.28,0.17,0.22,0.22
0.01,0,0,0,0,0.01
0,0,0,0,0.01,0
0,0,0,0,0.01,0
0,0,0,0,0,0
0,0,0,0,0,0
0,0,0,0,0.01,0
0.02,0.01,0,0,0,0
0,0.03,0.09,0.13,0.16,0.02
0,0,0,0,0,0.03
0.18,0,0,0,0.01,0.01
0,0,0,0,0,0
0,0,0,0,0,0.29
0,0,0,0,0,0
0,0,0,0,0,0
0,0,0,0,0,0
0,0,0,0,0,0
0,0,0,0,0,0
0,0,0,0.01,0,0
0.37,0,0,0,0,0
0,0,0,0,0,0
0.02,0,0,0,0.01,0
0.01,0,0,0.01,0.01,0
0.11,0,0,0,0,0
0,0,0,0,0,0
0.01,0,0,0,0,0
0.01,0,0,0,0,0
0,0,0,0,0.01,0.02
0.01,0,0,0,0,0.02
0,0,0,0,0.01,0.02
0,0,0,0,0,0.01
0,0,0,0,0,0.01
0.01,0,0,0,0,0.01
0,0,0,0,0,0.01
0,0,0,0,0,0
0,0,0,0,0,0.01
0,0,0,0,0,0.01
0,0,0,0,0,0.02
0.08,0,0,0,0,0.01
0,0,0,0,0,0.01
0.02,0.01,0,0,0,0.01
0.94,0.28,0.31,0.29,0.29,0.07
0.07,0.26,0,0,0,0.01
0.46,0.36,0.3,0.23,0.23,0.03
0,0,0,0,0,0
0,0,0,0,0,0.01
0,0,0,0,0,0.02
0.31,0.39,0.75,0.67,0.71,0.65
0,0.4,0.34,0.33,0.21,0.36
0,0,0,0,0.01,0.02
0,0,0,0,0,0.01
0,0,0,0,0,0.01
0.01,0.01,0.02,0.01,0.02,0.03
2.45,2.72,3.15,2.42,2.37,1.97
0.04,0.04,0.13,0.13,0.08,0.05
0,0,0,0,0,0.01
0,0,0,0,0,0.01
0,0,0,0,0,0.02
0,0,0,0,0,0.01
0,0,0,0,0,0
0,0,0.02,0.01,0,0.06
1.6,0.9,1.78,1.37,1.44,1.28
0,0.03,0.02,0.02,0.02,0.03
0,0,0,0,0.01,0.02
0,0,0,0,0.01,0.01
0,0,0,0,0,0.01
0,0,0,0,0,0.01
0.02,0.14,0.15,0,0.07,0.04
0,0,0,0,0,0
0,0,0,0,0,0
0.13,0.12,0.66,0.7,2.13,0.01
0.01,0,0,0,0.01,0
0,0,0,0.02,0,0.01
0,0,0,0,0,0.02
0,0,0,0,0,0.01
0,0,0,0,0,0.01
0,0,0,0,0,0.02
0.01,0.05,0.13,0.09,0.08,0.12
0,0,0,0,0.01,0.02
0,0,0,0,0.01,0.02
0,0,0,0,0.01,0.02
0,0,0,0,0,0.02
0.34,0.38,0.1,0.1,0.08,0.01
0.61,0.52,1.92,1.15,0.93,1.19
0,0,0,0,0,0.01
0,0,0,0,0,0.02
0,0.01,0,0,0.01,0.02
0,0,0,0,0,0.01
0.01,0.08,0,0,0.01,0.01
0,0,0,0,0,0.01
0,0,0,0,0,0.02
0,0,0,0,0.01,0.01
0,0,0,0,0.01,0.02
0.01,0,0,0,0.07,0.02
0,0,0,0,0.01,0.01
0,0,0,0,0,0.02
0,0,0,0,0.01,0.02
0,0.03,0,0,0.01,0.02
0,0,0,0,0.01,0.01
0.08,0,0.03,0,0,0.02
0,0,0,0,0.01,0.01
0,0,0,0,0.01,0.02
0.27,0.17,0.27,0.23,0.17,0.21
0,0,0,0,0,0.04
0,0,0,0,0.04,0.04
0,0,0,0,0,0.01
0,0,0,0,0,0.01
0,0.02,0.15,0.53,0.05,0.04
0.32,1.44,0.16,0.09,0.17,0.23
0,0.66,0.71,0.43,0.49,0.92
0.13,0.17,0.26,0.31,0.02,0.13
0,0,0,0,0,0.07
0,0,0,0,0,0.08
0,0,0,0,0.01,0.07
0,0,0,0,0,0.06
0,0,0,0,0,0.07
0,0,0,0,0.01,0.04
0,0,0,0,0,0.32
0,0.02,0,0,0,0.03
0,0,0,0,0,0.01
0.22,0.12,0,0.01,0,0.01
0,0,0,0,0.01,0.05
0,0,0,0.05,0,0.01
0,0,0,0,0,0.01
0,0,0,0,0,0.02
0,0,0,0,0,0.02
1.21,0.9,0.33,0.12,0.75,0.24
0,0,0,0,0.01,0.02
0.01,0.23,0.05,0.36,0,0.01
0,0,0,0,0.01,0.01
0.5,0.3,0.25,0.21,0.06,0.03
0.58,0.7,0.3,0.19,0.46,0.16
0.01,0.03,0,0.01,0.01,0.02
0,0,0,0.41,0.01,0.01
0,0,0,0.14,0.34,0.68
0.83,1.29,0.05,0.09,0.96,0.02
1.14,1.46,0.62,0.57,1.14,0.43
1.06,1.28,1.19,1.06,1.46,2.04
0.52,1.1,0.88,1.24,0.85,0.7
0.52,1.51,0.48,0.3,0.52,0.65
0.19,0.06,0.14,0.14,0.19,0.26
0,0.02,0.84,0.24,0.05,0.39
0.01,0,0.09,0.18,0,0.06
0.5,0.73,1.06,0.12,2.55,0
0,0.01,0,0,0.01,0.01
0,0,0,0.03,0.21,0.09
0,0.97,0.72,0.41,0.84,0.72
0,0.13,1.02,0.84,0.03,0.33
0,0,0,0,0,0
0,0,0,0,0,0.01
0,0,0,0,0,0.01
0,0,0,0,0,0.01
0,0,0,0.94,0.17,0.04
0,0,0,0,0.01,0.76
0,0.18,0.96,1.24,1.8,1.13
0,0.01,0.51,0.33,0.53,0.32
0,0.37,0.85,0.69,0.72,1.06
0,0.05,0.05,0.1,0.04,0.07
0,0.15,0,0.02,0.01,0.07
0,0.01,0,0.01,0.32,0.15
0,0.14,0.07,0.23,0.2,0.03
0,0.68,0,0.03,0.01,0.01
0,0.16,0,0,0.11,0.42
0,0.61,1.42,0.33,0.36,0.19
0,0.48,1.64,1.04,0.33,0.97
0,0.64,2.44,0.91,0.59,0.29
0,0.1,0.27,0.15,0.52,0.1
0.61,0.17,0,0.5,0.63,0.06
0.08,0.51,0.13,0.02,0.24,0.01
1.42,0.52,0.68,1.89,0.02,0.01
0,0,0,0.01,0.01,0.01
0,0,0,0,0.01,0.02
0,0,0,0,0.01,0.01
0,0,0,0,0.01,0.01
0,0.1,0.18,0.11,0.01,0.02
0,0.9,0.82,0.38,1.16,1.17
0,0.57,0.55,0.7,0.6,0.84
0,0.28,0,0,0,0.03
0,0.29,0,0,0,0.01
0,0.34,0.01,0,0.01,0.01
0,0,0.19,0.87,0.08,0.06
0,0.09,0.01,0.02,0.01,0.01
0,0,0.04,0,0.17,0.01
0,0,0.02,0.08,0,0.01
0,0.01,0.08,0.01,0.01,0.02
0,0,0,0.11,0,0.14
0,0.02,0,0.06,0,0.02
0,0,0,0,0,0.01
0,0,0,0,0,0.13
0,0.02,0,0,0,0
0,0.2,0.96,1.29,0.59,0.02
0,0.01,0,0,1.32,0.44
0,0,0,0,0.01,0.21
0,0.26,0.41,0.55,0.03,0.01
0,0.01,0,0.27,0.01,0.03
0,0.71,1.03,0.47,0.22,0.07
0,0.13,0.26,2.34,0.76,0.1
0,0.02,0.02,0.04,0.17,0.07
0.69,0,0,0,0.05,0.08
0,0,0,0.1,0.12,0.01
0,0,0.05,0.01,0.01,0.03
0.01,0.02,0.27,1.26,0.07,0.14
0.03,0,0.06,0,0.12,0.03
0,0,2.15,0.45,0.09,0.75
0.07,0.94,0.05,0.15,0,0.74
0.06,0,0,0,0.01,0.01
0.09,0.25,0,0,0,0
0.01,0.42,0,0,0.04,0
0,0.03,0,0,0.02,0.01
0.44,0.5,0.09,0.98,0,1.19
0.08,0,0,0.01,0.01,0.02
0.01,0,0.7,0,0,0
0,0,0,0,0.01,0.01
0,0,0,0,0,0.02
0.07,1.66,0,0,0,0.01
0,0,0,0,0,0.02
0,0,0,0,0.01,0.01
0,0,0,0,0,0.02
1.21,2.01,1.78,0.05,0.14,0.1
0.16,0.02,0.29,0.72,0.01,0.18
0,0,0,0.05,0.01,0.03
0,0,0,0.02,0,0.03
0.8,0.47,0.61,1.2,0.6,1.09
0.58,0.69,0.28,0.92,0.34,1.12
0.33,0.28,0.12,0.19,0.49,0.08
1.07,0.21,1.26,0,0.72,0.05
0,0,0,0.5,0.09,0.02
0,0,0.04,2.22,0,0.02
0,0,0.02,0.01,0.3,0.01
0,0.35,0.01,1.03,0.02,0.56
0.16,0.04,0.01,0.74,0,0.07
0.3,0.21,0.01,0.01,0.76,0.02
1.62,0.56,0.62,0.9,0,0.38
0.77,0.45,0.35,0.39,0.34,0.37
0.03,0,0.03,0.23,0,0.29
0.01,0.08,0,0,0.13,0.77
0,0,0,0,0,0.02
0.01,0,0,0,0,0
0,0,0.01,0,0,0.01
0,0,0,0,0,0.02
0,0.01,0,0,0,0.01
0,0.02,0,0,0,0.01
0,0,0,0,0,0.01
0,0,0,0,0,0.02
0,0,0,0,0.01,0.01
0,0.12,0,0,0,0.02
0,0.12,0,0.02,0,0.01
0.27,0.26,0,0.31,0.18,0.35
0.1,0.26,0,0.67,0.57,0.6
0.21,0.19,,0.02,0.16,0.11
0.86,0.3,,0.04,0.05,0.11
0,0.04,0,0,0,0.02
0,0,0,0,0,0.02
0,0.02,0,0,0.02,0.02
0,0.14,0,0,0.01,0.02
1.89,0.16,,0.2,0.03,0.14
0.94,1.66,,0.01,0.23,0.09
0,0.02,0,0,0.1,1.27
0.99,0.07,0.03,0.42,0.01,0.02
0.01,0.02,0.04,0.23,0.85,0.3
0.76,0.72,0.65,0.68,0.38,0.85
0.2,0.1,0.01,0.04,0.14,0.26
0.37,0.31,0.36,0.18,0.12,0.52
0,0.01,0.3,0.22,0,0.63
1.77,0.61,0.35,0.62,0.75,0.6
1,0.18,0.31,0.3,0.11,0.17
0,0,0,0.01,0,0.03
0.02,0.22,0.01,0,0.01,0
0,0,0,0,0,0.01
0,0.02,0.02,0,0.14,0.01
0.02,0,0.08,0.01,0.01,0.01
0,0,0,0,0,0.02
0,0.03,0,0,0,0.01
0.04,0.01,0,0.02,0,0
0,0,0,0,0,0.01
0,0,0,0,0.01,0.02
0,0,0,0,0,0.02
0.07,0.05,0,0.19,0.19,1.45
0,0,0,0.01,0.02,0.01
0.14,0.06,0,0.26,0.15,0.13
0.01,0.11,0,0,0,0.01
0,0.04,0,0,0.01,0.02
2.24,2.09,3.12,3.43,3.81,1.48
0,0.02,0,0,0.01,0.02
0,0,0,0,0.01,0.01
0,0,0,0,0,0.01
0,0,0,0,0.01,0.01
0,0,0,0,0,0.01
0,0,0,0,0,0.01
0,0,0,0,0,0.01
0.72,0.16,0.73,0.38,1.11,0.66
0,0,0.01,0,0,0.02
0,0,0,0.01,0,0.09
0,0,0,0,0,0
0,0,0,0,0.01,0.03
0.01,0.01,0,0.04,0,0.01
0,0,0,0.01,0,0.01
0,0,0,0.01,0,0
0,0,0,0,0,0
0,0,0,0,0,0
0,0,0,0.01,0,0
0,0,0,0,0,0
0,0,0.01,0.01,0,0.09
0.42,0.25,0.44,0.55,0.22,0.17
0,0,0,0,0,0
0.02,0.05,0.03,0.04,0.09,0.03
0,0,0.16,0,0.03,0.16
0,0,0.14,,0.12,0.54
0.39,0.03,0.52,,0.04,0.17
0,0,0.05,,0.01,0.02
0.33,0.12,0,,0.17,0.04
0,0.05,0,,0,0.01
0,0.01,0,,0.01,0.01
0,0,0,,0.01,0
0,0,0,,0,0
0,0,0,,0,0
0,0,0,,0,0
0,0,0,,0,0
0.49,0.29,0.62,0,0.3,0.43
0,0,0,0.01,0.01,0.01
0,0,0,0,0,0
0,0,0,0,0.01,0.02
0,0,0,0,0.01,0
0,0,0,0,0,0.02
0.02,0.01,0.07,0.06,0.08,0.12
0.01,0.01,0,0.21,0.12,0
0.06,0.02,0.13,0.16,0,0.38
0.26,0.11,0.07,0.14,0.02,0.02
0,0.01,0,0,0,0
0.03,0,0,0,0,0
0,0,0,0,0,0
0,0,0,0,0,0
0,0,0,0,0.01,0
0,0,0,0,0.01,0
0.07,0.03,0.05,0.04,0.01,0.06
0,0,0,0,0,0.03
0,0,0,0,0,0.28
0,0,0,0,0,0
0,0.02,0.03,0,0.02,0
0.05,0.06,0.08,0.03,0.02,0
0,0,0,0,0.01,0
0,0.01,0,0,0,0.02
0,0,0,0,0.01,0
0,0.01,0,0,0,0
0.01,0.02,0,0,0,0
0,0,0,0,0,0
0,0,0,0,0,0
0,0,0,0,0.01,0
0,0.02,0.01,0.05,0.01,0.02
0,0,0,0,0,0
0,0,0,0,0,0.01
0,0,0,0,0,0
0,0.01,0,0,0,0
0,0,0,0,0,0
0,0,0,0,0,0.01
0,0,0,0,0,0.01
0,0,0,0,0,0.01
0,0,0,0,0,0.02
0,0,0,0,0.02,0.02
0,0,0,0,0,0.01
0.01,0.01,0.09,0.02,0.01,0.02
0,0,0,0.02,0.01,0.01
0,0,0,0,0,0
0.1,0.06,0.07,0.05,0.03,0.24
0,0.01,0,0,0.01,0
0,0,0,0,0,0
0,0,0,0,0.01,0
0,0,0,0,0,0
0.02,0.03,0.02,0.02,0.03,0.01
0,0,0,0,0,0.01
0,0,0.01,0.01,0.01,0.02
0,0.04,0.02,0.06,0,0.01
0,0.01,0.03,0.04,0.03,0.02
0,0.01,0,0,0,0.01
0,0,0,0.02,0.01,0
0,0,0,0,0,0
0,0,0,0,0,0.01
0,0,0,0,0.01,0
0,0,0,0,0.01,0
0.01,0,0,0,0,0
0.05,0.05,0.06,0.14,0.07,0.07
0,0,0,0.02,0.14,0
0,0,0,0,0,0.02
0,0,0,0,0,0
0.72,0.63,0.36,0.14,0.24,0.14
1.63,0.76,1.55,1.88,1.06,0.09
0,0,0,0,0,0.07
0,0,0,0,0.01,0.07
0,0,0,0,0,0.05
0,0,0,0,0,0
0,0,0,0,0,0
0,0,0,0,0.01,0
0,0,0,0,0,0.01
0.03,0.02,0,0,0,0
0,0,0,0,0,0
0,0,0,0,0,0
0,0,0,0,0.01,0
0,0,0,0,0.01,0.03
0,0,0,0,0,0
0,0,0,0,0,0.01
0,0,0,0,0,0.01
0,0,0,0,0,0
0,0,0,0,0,0
0,0,0,0,0,0
0,0,0,0,0,0.01
0.04,0,0.15,0.1,0,0
0.03,0.01,0.01,0.06,0.02,0.2
0.04,0.03,0.02,0.02,0.05,0.08
0,0,0,0,0.01,0.01
0,0,0,0,0,0.02
0,0,0,0,0,0.01
0,0,0,0,0,0.02
0,0,0,0,0,0
0,0,0,0,0,0
0,0,0,0,0,0.01
0,0,0,0,0,0.02
0,0,0,0,0,0.01
0,0,0,0,0,0.01
0,0,0,0,0,0.01
0,0,0,0,0,0.01
0,0,0,0,0,0
0.02,0,0,0,0,0.01
0,0,0,0,0,0.01
0,0,0,0,0,0
0,0,0,0,0,0.01
0,0,0,0,0,0.01
0,0,0,0,0,0.02
0,0,0,0,0,0
0,0,0,0,0,0.01
0,0,0,0,0,0.01
0,0,0,0,0,0.01
0,0,0,0,0,0
0.89,1.05,4.36,1.7,2.64,3.24
0,0,0,0.01,0.01,0.01
0,0,0,0,0,0.02
0,0,0,0,0.01,0.01
0,0,0,0,0,0.01
0,0,0,0,0,0
0,0,0,0,0,0
0,0,0,0,0.01,0.01
0,0,0,0,0,0.01
0,0,0,0,0,0.01
0,0,0,0,0,0.01
0,0,0,0,0,0.01
0,0,0,0,0,0.01
0,0,0,0,0,0
0,0,0,0,0.01,0.01
0,0,0,0,0,0.02
0,0,0,0,0,0
0.28,0.24,0.92,1.05,0,0.39
0,0.08,0.14,0.21,0.01,0.02
0,0.04,0.12,0.08,0,0.05
0,0.06,0.02,0.04,0.01,0.03
0,0.01,0,0.03,0,0.01
0,0,0,0,0,0
0,0,0,0,0,0.02
0,0,0,0,0,0.01
0,0,0,0,0,0.01
0,0,0,0,0,0.01
0,0,0,0,0,0.01
0,0,0,0,0,0.01
0,0,0,0,0.02,0.01
0,0.11,1.2,0.72,0.06,0.3
0,0.01,0,0.03,0,0.01
0,0,0,0,0,0
0,0,0,0,0,0.01
0,0.15,0,0,0,0.05
0,0.04,0.02,0.09,0,0
0,0,0,0,0,0
0,0,0,0,0,0
0,0,0,0,0,0
0,0,0,0,0,0
0,0,0,0,0.01,0
0,0,0,0,0.01,0
0,0,0,0,0,0.02
0,0.03,0,0,0,0.01
0,0,0,0,0,0.01
0,0,0,0,0,0.01
0,0,0,0,0,0.02
0.2,0.17,0,0.01,0.01,0.01
0.48,0.26,0.01,0.02,0.26,0.01
0,0,0,0,0.01,0.01
0.2,0.54,0.26,0.25,0.19,0.36
0,0,0,0,0,0.01
0,0,0,0,0,0.02
1.08,0.62,0.16,0.48,0.19,2.31
1.53,1.88,2.21,1.35,1.78,1.36
0,0,0,0,0.01,0.01
0,0,0,0,0,0.01
0,0,0,0,0,0.01
0,0,0,0,0,0.01
0,0,0,0,0,0.01
0,0,0,0,0.01,0.01
0,0,0,0,0,0.01
0,0,0,0,0,0
0,0,0,0,0.01,0.11
0,0.01,0.01,0.13,0.2,0.04
0,0.01,1.06,0.31,0.05,0.72
0,0,0.02,0.07,0,0.01
0.36,0.12,0.71,0.49,0.1,
0,0,0.09,0.23,0,0
0,0,0,0,0.01,0.03
0.01,0,0.27,0.73,0.02,0.36
0,0,0,0,0,0.01
0,0,0,0.07,0,0
0,0,0.01,0.01,0,0.02
0,0.03,0,0,0.08,0.28
0,0,0,0,0.01,0.02
0,0,0,0,0,0
0,0,0,0,0.01,0.01
0.05,0,1.27,0.09,0.05,0
0,0,0,0,0.02,0.01
0,0,0.02,0.11,0,0.02
0,0,0,0,0,0.01
0,0,0,0.38,0,0.17
0,0,0,0,0.01,0.01
0,0,0,0,0,0.01
0.42,0,0,0,0.07,0
0,0.15,0.03,0.54,1.99,0.29
0.45,0.41,0.02,0.32,2.58,0.1
0,0,0,0,0.01,0.01
0,0,0,0.02,0,0.01
0,0,0,0,0,0
0,0,0,0,0.01,0.01
0,0,0,0,0,0.01
0.39,0.35,0.24,0.89,0.09,0.07
0.2,0.02,0.08,0.07,0.12,0.22
4.21,0.83,2.2,1.5,0.76,0.36
0.28,0.19,0.91,0.11,0.91,0.02
0.01,0,0.21,0.74,0.01,0.16
0.02,0.04,0.92,0.42,0.02,1.33
0,0.03,0,0,0,0.03
0,0.23,0.18,0.01,0.11,0.14
0.05,0.02,0.08,0.13,0.07,0.05
0.04,0,0,0.08,0.01,0.04
0,0,0.02,0.05,0,0
0.1,0.43,0,0,0.46,0.51
0.19,0.16,0.32,0.76,0.11,0.89
0.25,0.36,0.29,0.77,0.01,0.52
0.97,0.73,1.38,0.44,2.08,0.21
0.08,0.01,0.01,0.19,0.14,0.02
0.04,0.14,0.02,0.05,0.03,0.14
1.85,0.17,1.33,0.47,0.89,0.46
0.16,0.47,0.57,0.39,0.56,0.64
1.32,0.66,1.22,0.33,0.66,3.03
0,0.01,0,0,0.02,0.21
0,0,0,0,0,0
0,0,0,0,0,0
0,0.09,0,0.83,1.07,0.09
0,0,0.22,0,0.27,0.78
0,0.08,0.02,0.93,0.16,0.61
0,0.01,0.3,0.29,0.39,0.13
0,0.02,0.02,1.3,0.01,0.07
0,0.04,0.1,0.01,0.02,0.17
0,0.15,0.02,0,0.01,0.26
0,0.59,0,0,0.05,0.01
0,0,0,0,0,0
0,0,0,0,0,0
0,0.19,0,0,0.01,0.01
0,0,0.12,0.09,0.17,0.05
0,0.59,0.42,0.61,0.09,0.03
0.01,0,0,0,0,0
0,0,0,0,0,0.01
0,0,0,0.06,0,0
0,0,0,0,0,0.01
0,0,0,0,0,0
0,0.02,0.06,0,0.42,0.01
0.03,0,0.04,0,0.11,0.05
0.02,0.03,0.02,0.22,0.1,0.13
0,0,0,0.04,0,0
0,0,0,0,0,0.01
0,0,0,0,0.1,0.06
0,0.01,0,0,0.01,0.01
0,0,0,0,0,0.01
0,0,0,0,0,0.03
1.29,1.23,1.08,0.35,0.19,0.15
2.29,0.37,0.9,0.76,0.96,0.39
0,0.01,0.11,0.31,0.03,0.01
0.13,1.02,0.02,0.19,0.42,0.17
0,0.13,0,0.01,0,0.02
0,0.51,0.16,0.07,0.09,0.27
0,1.84,0.22,0.04,1.49,0.04
0.37,0.75,0,0,0.03,0.01
0.01,0.04,0,0,0.01,0.27
0.16,2.24,0,0.69,0.1,0.02
1.1,4.7,0.32,0.15,1.02,0.26
1.11,0.9,0.36,0.07,0.04,0.02
0.13,0.13,0.24,1.53,0.1,0.94
0,0.74,0.56,0.1,0.01,0.37
0,0.01,0.05,0,0.14,0.09
0,0,0.04,0.03,0,0.01
0,0.43,0,0.63,0.63,0.79
1.08,1.39,,1.45,1.76,0.69
0,0.04,0,0.05,0.18,0.01
0.01,0.27,0.06,0.16,0,0.25
0.46,0.85,1.19,0.75,0.05,0.22
1.3,0.83,1.41,1.58,1.67,1.23
0.17,0.12,1.31,0.48,1.03,1
0.48,0.35,1.52,1.21,0.21,0.78
0,0.32,0,0,0.03,0.03
0,0,0,0.2,0.01,0.01
0.46,0.22,0.02,0.03,0.52,0.03
0.01,0,0,0,0.03,0.02
0.73,0.11,0,0.27,0,0.33
0,0.12,0,0,0.03,0.02
0.61,0.38,0.1,0.27,0.01,0.12
0,0,0,0,0,0.01
0.27,0.19,0.32,0.03,0.26,0.1
0.34,0.02,0.02,0.02,0.05,0.05
0,0.08,0.16,0,0.61,0.12
0,0,0,0,0.01,0.01
0,0,0,0,0,0.02
1.65,0.83,2.24,1.29,1.54,0.84
0.04,0.17,1.22,1.36,0.73,0.04
0.01,0,1.67,0.44,0,0.01
0,0,0,0.03,0,0.01
0.19,0,0,0,0,0.02
0,0,0.01,0.01,0,0.01
0,0,0,0,0,0.01
0,0,0,0,0,0.02
0.33,0.15,0,0,0,0.01
0,0,0,0,0,0.01
0,0,0,0,0,0.01
0,0,0,0,0.01,0.01
0.22,,0,0.28,0,0.12
0,0.02,0.01,0,0.02,0.02
0.08,0.08,0,0.04,0.02,0.01
0.09,0.03,0.02,0.01,0,0.01
0.01,0.03,0.08,0.17,0,0.06
0,0,0,0,0,0.02
0,0,0,0,0.01,0.02
0,0,0,0,0.01,0.02
0,0.01,0,0,0,0.01
0,0,0,0,0,0.01
0,0,0,0,0,0.02
0.4,0,0.5,0.7,0.05,0.01
0,0,0,0,0.01,0.02
0,0,0,0,0,0.01
0,0,0,0,0.01,0.02
0,0,0,0,0,0.02
0,0,0,0,0,0.01
0,0,0,0,0,0.12
0,0,0,0,0,0.01
0,0,0,0,0,0.01
0,0,0,0,0,0.01
0,0,0,0,0,0.01
0,0,0,0,0,0.01
0,0,0,0,0.01,0.01
0,0,0,0,0.01,0.02
0,0,0,0,0.01,0.01
0,0,0,0,0,0.01
0.26,0.23,0.39,0.13,0.55,0.24
0,0,0,0,0.01,0.01
0,0,0,0,0.01,0.01
0,0.01,0.06,0.11,0,0.61
0.23,0,0.07,0.38,0.03,0.14
0.21,0.32,3.47,1.06,1.33,0.79
0.06,0.12,0.08,0.06,0.06,0.13
0,0.03,0.04,0.03,0.03,0.01
0.08,0.01,0,0.01,0,0.01
0,0,0,0,0,0.01
0,0,0.02,0,0.01,0.01
0,0,0,0,0,0
0,0.32,0,0,0.01,0.01
0,0.12,0,0,0.01,0.01
0,0.03,0,0,0,0.02
0,0.01,0,0,0,0.01
0,0,0,0,0,0.01
0,0,0,0,0,0.01
0,0,,0,0,0.02
0.01,0,,0.02,0.01,0
0,0,0,0,0,0
0,0,0,0,0.01,0.01
0,0,0,0,0.01,0.01
0,0,0,0,0,0.01
0,0,0,0,0,0.01
0,0,0,0,0,0.02
0,0.03,0,0,0,0.02
0,0,0,0,0,0.01
0.01,0,0.21,0.03,0.08,0.02
0.05,0,0.04,0.05,0.05,0.05
0.01,0,0,0,0,0.02
0,0,0,0,0,0
0.04,0,0.32,0.14,0.03,0.08
0.01,0,0.06,0,0,0.01
0,0,0,0,0,0
0,0,0.09,0.1,0,0.03
0.06,0.07,0.01,0.02,0,0
0,0.01,0,0,0,0.01
0,0,0.01,0.09,0,0.01
0,0.02,0,0,0,0.01
0,0.01,0,0,0,0
0.04,0,0.05,0.03,0,0.02
0,0,0,0,0,0
0,0.05,0,0,0,0.01
0,0,0,0,0.02,0
0.01,0,0,0.04,0,0
0.02,0,0.03,0,0,0
0.88,0,8.54,6.87,2.37,6.53
0,0.03,0.01,0.01,0.03,0.02
0.51,0,0.44,0.32,0.32,0.29
0,0,0,0,0.02,0.07
0,0,0,0,0,0
0,0,0.06,0.03,0.01,0.01
0,0,0.01,0.01,0.02,0
0,0,0.01,0.04,0,0
0,0,0,0,0,0
0,0.13,0.03,0.14,0.54,0
0,0,0,0,0.02,0.02
0.66,0.38,0.42,0.41,0.59,0.39
0.02,0,0.11,0.06,0.05,0.04
0,0,0,0,0.01,0.01
0,0,0,0,0.01,0.02
0,0,0,0,0,0
0.01,0.07,0,0,0.01,0
0.01,0,0.02,0,0.01,0
0,0,0,0,0,0.01
0,0,0.02,0,0.01,0.01
0,0.02,0.03,0.09,0,0
0.01,0,0,0,0,0.01
0,0,0,0,0,0
0,0,0,0,0,0
0,0,0,0,0,0
0,0.15,0,0,0,0
0,0,0,0,0,0
0,0,0,0,0,0
0,0,0,0,0.01,0
0,0,0,0,0,0
0,0,0,0,0,0
0,0,0,0,0.02,0
0,0.05,0.09,0.04,0.1,0.06
0.01,0,0,0,0.01,0.01
0.01,0.08,0.32,0.29,0.02,0.19
0,0,0.01,0,0.01,0
0,0,0,0,0,0.01
0,0,0,0,0,0
0,0,0,0,0,0.01
0.01,0.05,0,0.01,0,0
0.01,0,0,0,0,0
0,0.05,0,0.2,0.07,0.28
0.01,0.08,0.06,0.04,0.04,0.03
0,0.01,0,0,0.01,0.01
0,0,0,0,0.01,0.01
0.01,0,0.04,0.07,0.01,0.15
0,0,0,0,0,0.01
0,0,0,0,0.01,0.01
0,0,0,0.01,0.01,0
0,0,0,0,0,0.01
0,0,0,0,0,0
0,0,0,0,0,0
0,0.18,0.2,0.18,0.34,0.28
0.01,0.15,0.2,0.12,0.19,0.04
0,0.01,0.01,0.02,0.02,0.03
0,0,0,0,0.01,0
0,0,0,0,0,0.01
0,0,0,0,0,0
0,0,0,0,0,0.01
0,0.02,0.04,0.03,0.01,0.05
0,0.14,0.44,0.37,0.39,1.38
0,0,0,0,0,0.01
0,0,0,0,0,0
0,0.07,0.16,0.28,0.12,0.32
0,0.02,0,0,0.01,0.05
0,0,0,0,0.01,0.01
0.01,0.09,0.1,0.08,0.11,0.05
0,0,0,0,0.01,0.01
0,0,0,0,0,0
0,0,0,0,0,0.01
0,0,0,0,0,0
0,0,0,0,0,0
0,0,0,0,0,0.01
0,0,0.41,0,0.13,0
0.02,0,0,0.14,0.05,0.02
0,0,0,0,0.44,0.26
0,0.18,0.18,0.02,0.01,0.55
0,0,0,0,0.01,0.01
0,0,0,0,0,0
0,0,0,0,0,0
0,0,0,0,0,0
0,0,0,0,0,0
0,0,0,0,0,0
0,0,0,0,0,0.01
0,0,0,0,0,0.01
0,0,0,0,0,0
0,0,0,0,0,0.01
0,0,0,0,0,0
0,0,0,0,0,0.01
0,0,0,0,0,0
0,0,0,0,0,0.01
0,0,0,0.05,0,0
0.04,0.65,0.22,0.01,0.17,0
0,0,0,0,0.01,0
0.01,0,0,0,0.01,0.01
0,0,0,0,0.01,0
0,0,0,0,0.04,0.37
0.01,0,0,0,0.01,0.01
0.01,0,0.01,0,0,0
0.05,0,0,0,0.01,0.02
0.03,0.02,0.03,0,0,0.08
0,0,0,0.01,0,0.01
0,0,0,0,0.01,0
0,0,0,0,0,0
0,0,0,0,0.01,0.01
0,0,0,0,0,0
0.01,0,0,0.01,0.01,0.05
0,0,0,0,0,0.02
0,0,0,0,0.01,0
0,0,0,0,0,0.01
0,0,0,0,0.01,0.01
0,0,0,0,0,0.01
0,0.01,0,0,0.01,0.05
0.05,0.04,0,0.02,0.02,0.01
0,0,0,0,0.02,0
0,0,0,0,0.01,0.01
0,0,0,0,0.01,0.01
0.04,0.78,1.37,1.22,0.5,0.65
0.01,0.33,0.59,0.52,0.58,0.57
0.13,0.25,0.25,0.2,0.24,0.28
0,0,0,0,0,0
0,0,0,0,0,0.01
0.21,0.13,0.21,0.11,0.16,0.07
0,0,0,0,0.01,0
0,0,0,0,0.01,0
0,0,0,0,0,0.01
0,0,0,0,0,0.01
0,0,0,0,0.01,0
0.03,0.04,0,0,0,0.02
0,0,0,0,0.01,0.01
0,0,0,0,0.01,0
0,0,0,0,0.01,0.03
0,0,0,0,0,0
0,0,0,0,0,0
0,0.02,0,0,0,0
0,0,0,0,0.01,0
0,0,0,0,0,0
0,0,0,0,0.01,0
0,0,0,0,0.01,0.01
0,0,0,0,0.01,0.01
0.08,0.09,0.01,0,0.01,0
0,0,0,0,0,0
0,0.02,0,0,0.03,0
0.17,0.32,0.64,0.32,0.56,0.31
0.01,0.05,0.19,0.1,0.04,0.08
0,0,0,0,0.01,0
0,0,0,0,0.01,0.01
0,0,0,0,0.01,0
0,0,0,0,0,0
0.01,0,0,0,0,0
0,0,0.01,0,0.01,0
0.03,0.52,0.1,0.32,0.01,0.01
0.15,0.34,1.18,0.99,0.49,2.17
0,0.16,2.04,0.3,1.05,0.84
0.01,0,0,0,0.01,0.01
0,0.03,0.14,0.19,0,0.96
0,0,0,0,0.01,0.05
0,0,0,0,0.01,0
0,0,0,0.03,0,0
0,0,0,0,0.01,0
0,0.01,0,0,0,0.01
0,0.02,0,0.01,0.02,0
0,0,0.01,0,0.01,0
0,0,0,0,0,0
0,0,0,0,0.01,0.03
0,0,0,0,0,0
0,0,0,0,0.01,0.5
0,0,0,0,0,0
0,0,0,0,0,0
0.02,1.68,2.82,2.77,1.79,2.61
0.06,0.78,1.48,1.78,0.7,1.03
0,0,0,0,0,0
0,0,0,0,0,0
0,0,0.2,0.45,0.12,0
0.12,0.23,2.22,0.67,0.71,0.7
0,0.01,0,0,0.01,0.04
0.07,0.15,1.05,0.18,0.87,0.18
0,0,0,0,0,0.01
0,0,0,0,0,0
0,0,0,0,0.15,0
0,0.01,0.33,0.21,0.07,0.08
0.36,0.25,0.65,0.17,1.27,1.53
0.17,0.07,0.51,0.5,0.01,0.03
0,0.17,0.03,0.06,0.88,0.47
0,0,0,0,0.01,0.14
0.3,0.5,2.2,1.49,0.15,0.23
0.34,1.21,1.02,2,0.38,0.53
0,0.05,0,0,0.01,0.01
0.02,0.02,0.07,0.03,0.09,0.01
0.08,0.04,0,0.55,0.03,0
0,0,0,0.09,0.01,0
0,0,0,0,0,0.01
0,0.04,0,0,0,0
0,1.11,0,0,1.24,0.01
0,0,0.08,0,0.04,0
0.06,0.06,0,0,0,0.03
0.27,0.12,0.12,0.21,0.06,1.55
0.04,0.06,0.13,0.27,0.04,0.18
0.11,0.97,0.27,0,0.29,0.11
0.05,0.05,0.02,0,0.02,0.03
1.59,0.58,0.81,0.15,0.55,1.36
0.25,0.05,0,0.01,0.26,0.04
1.6,0.7,0.23,1.56,0,0.66
0.06,0.09,2.09,0.13,0,0.12
0.45,0.01,0.03,0.96,0,0.06
0.1,0.21,0.05,0.02,0,0.02
0.11,0.13,0.08,0.18,0,0.01
0,0,0,0,0,0.01
0,0,0,0,0,0
0,0,0.04,0,0,0
0,0,1.26,0.08,0.07,0.16
0,0,0.08,0.03,0.03,0.02
0.03,0.11,0,0,0,0.01
0.08,0.16,2.65,0.2,0.74,0.59
0,0,0,0.11,0.03,0.01
0,0,0,0,0,0.07
0.03,0,0,0,0,0.01
0.03,0.31,0.05,0,0,0
0,0,0,0,0,0.01
1.49,0.86,0.73,1.71,0.98,0.14
0.45,0.01,0.15,0.15,0.21,0.18
0.01,0.06,0.1,0.65,0.21,0.43
0.08,0.22,1.74,1.11,0.93,0.02
0.62,0.04,0.55,0.09,1.08,0.6
0.16,0,0,0.01,0.01,0.06
0.14,0.1,1.29,0.08,0.26,0.13
0,0,0.06,0.05,0.01,0.32
0.47,0.3,0,0.08,0.02,0.66
0,0.11,0.29,0.05,1.21,0.05
0.36,0.29,0.16,0.04,0.6,0.06
0.39,0.29,1.82,0.74,0.13,0.19
0.03,0,0,0,0,0.01
2.35,2.3,0.04,0,0.3,0.16
0,0.01,0,0,0,0.01
0,0,0,0,0,0
0.55,0.1,0,0,0,0.07
0,0,0,0,0,0.01
0,0,0.89,0.01,0,0
0.01,0.01,0,0,0,0.01
0.2,0.02,0.01,0.15,0.34,0.07
0,0.01,0,0,0.06,0.01
0.18,0.35,0,0,0.6,0
0,0,0,0.04,0.01,0.13
0.24,0.21,0.38,0.03,0.01,0.43
0,0,0,0,0.01,0.02
0,0.19,0,0.05,0,0
0,0,0,0,0,0.01
0.03,0.09,0.07,0.03,0,0.04
1.15,0.97,0.24,0.31,0.25,0.03
0.93,0.14,0,0.01,0,0.01
0,0,0.07,0.11,0.09,0.15
0.3,0.02,0,0.02,0,0.05
0.43,0,0.48,1.12,0,0.5
0,0.13,0,0,0,0
2.47,1.39,1.23,0.48,0.2,2.08
0.03,0.01,0.55,0.02,0.01,0.01
0,0,0,0,0,0.01
0,0,0,0,0.24,0
0,0,0,0.02,0.01,0.01
0,0,0,0,0,0.15
0,0,0,0,0,0.01
0,0,0,0,0,0.01
0,0,0,0,0.55,0.17
0.01,0,2.63,0.62,0.44,0.22
0.03,0.19,0.91,0.73,0.15,0.42
0,0,0,0,0.01,0.01
0.28,0.3,0.02,0,0,0.01
0,0.02,0,0,0,0.02
0,0.56,0.32,0,0.02,0.01
0.05,0.12,0.41,0,0.63,1.08
0.24,0,0,0,0.12,0.17
0,0,0.06,0,0.17,0.01
0,0.55,0.02,0.2,0.13,0.29
0,0,0.01,0.09,0.01,0.11
0.03,0.07,0.8,0.01,0,0.01
0,0,0.07,0,0,0
1.4,1.43,0.09,0,0,0.03
0.13,0.07,0.15,0.58,0,0.12
0.15,0.31,0.2,0.95,0.05,0.61
0,0.06,0,0,0.03,0.01
0,0,0.03,0,0,0.01
0.72,1.61,1.64,0.19,1.64,0.8
0,0.01,0,0.04,0.02,0.17
0.17,0.24,0.04,0,0.02,0.35
0.7,0.94,1.19,2.95,0.68,1.88
0.63,0.57,1.27,1.03,0.4,1.08
0.24,0.16,0.32,0.36,0.18,0.12
0,0.01,0.03,0,0.01,0.02
0,0,0,0,0,0.01
1.04,1.01,1.36,1.2,0.57,0.29
0.38,0.58,0.6,0.88,0.61,2.19
1.21,0.87,1.85,0.97,1.08,0.29
0.23,0.28,0.29,0.81,0.89,1
0.29,0.02,0.1,0.55,0,0.53
0,0.05,0.02,0.04,0,0
0.21,0.17,0.45,0.87,0.69,0.44
0.05,0.01,0.1,0.11,0.04,0.28
0.19,0.26,0.65,0.71,0.12,0.04
0.05,0.03,0.12,0.39,0.14,0
0,0,0,0,0,0
0,0,0,0,0,0.01
0,0,0,0,0,0
0,0,0,0,0,0.01
0,0,0,0,0,0
0,0,0,0,0,0
0,0,0,0,0,0
0.18,0.03,0.37,1.01,0.08,0.52
0.1,0.03,0.13,0.07,0,0.17
0,0,0,0,0,0.01
0.7,1.06,0.85,0.93,1.26,1.12
0.11,0.25,0.07,0.17,0.13,0.17
0.03,0,0,0.03,0.01,0.06
0,0,0.06,0.02,0,0.09
0,0,0,0,0,0
0.4,0.45,0,0.16,0.13,0.02
0.02,0.02,0.1,0.17,0.03,0.01
0.45,0.17,0.39,1.75,0.2,0.76
0,0,0,0.01,0,0.28
0.01,0.08,0.1,0.17,0.09,0.8
0.22,0.5,0.15,0.02,0.06,0.1
0.06,0.06,0.1,0.1,0.08,0.09
0.18,0.16,0.42,0.34,0.17,0.23
0.05,0.08,0.18,0.13,0.01,0.07
0.01,0.01,0,0,0,0.01
0,0,0,0,0,0
0,0,0,0,0.01,0.01
0,0,0,0,0,0
0,0,0,0,0.01,0
0,0,0,0,0,0
0,0,0,0,0,0
0,0,0,0,0.01,0
0,0,0,0,0,0
0,0,0,0,0.01,0
0.02,0,0,0,0,0
0.12,0.02,0.17,0,0,0.01
0.13,0.02,0.13,0,0.01,0.02
0,0,0,0,0,0.01
0,0,0,0,0,0
0,0,0,0,0.01,0.01
0,0,0,0,0,0.01
0,0,0,0,0,0
0,0,0,0,0,0
0,0,0,0,0,0.01
0,0,0,0,0,0.02
0,0,0,0,0,0
0.01,0.01,0,0,0,0.02
0,0,0,0,0,0.01
0,0.01,0,0,0,0
0.01,0.01,0,0,0,0
0,0.16,0.03,0,0,0.01
0,0,0,0,0,0.01
0,0,0,0,0,0
0.01,0.01,0,0,0,0.01
0,0,0,0,0,0
0,0,0,0,0,0.01
0,0,0,0,0,0
0,0,0,0,0.01,0.02
0,0,0,0,0,0
0,0,0,0,0,0.01
0,0,0,0,0,0.01
0,0,0,0,0,0.01
0.01,0.02,0,0.01,0,0.02
0,0,0,0,0.01,0.01
0,0,0,0,0,0
0.42,0.62,0,0.49,0.24,0.28
1.25,0.53,1.14,0.28,0.3,0.72
0,0,0,0,0,0.01
0.43,0.57,0.01,0.03,0.02,0
0,0,0,0,0.01,0.01
0,0,0,0,0.01,0.01
0,0,0,0,0,0.01
0.01,0,0,0.03,0,0.08
0,0,0,0,0.01,0
0,0,0,0,0,0.01
0,0,0,0,0,0
0,0,0,0,0,0
0.04,0.03,0,0.08,0.13,0.05
0,0,0,0,0.01,0.01
0,0,0,0,0,0
0,0,0,0,0,0
0,0,0,0,0,0.01
0,0,0,0,0,0
0,0,0,0,0,0
0,0,0.13,0.01,0,0
0,0,0,0,0.01,0
0,0,0,0,0.01,0.01
0.14,0.05,0,0.04,0.02,0.03
0,0,0,0.03,0.02,0.03
0,0,0,0,0.02,0.01
0,0,0,0,0,0
0,0,0,0,0,0.01
0,0,0,0,0,0
0.01,0,0,0,0,0
0,0,0,0,0,0
0,0,0,0,0.03,0
0,0.01,0,0,0,0.16
0,0,0,0,0,0
0,0,0,0,0,0
0,0,0,0,0.01,0.01
0,0,0,0,0,0
0,0,0,0,0,0
0,0,0,0,0.01,0
0.19,0.21,0.42,0.37,0.5,0.28
0.01,0,0,0.02,0.02,0.01
0.48,0,0,0.46,0.13,0.56
0.36,0.04,0,0.95,0,0.02
0,0,0,0,0,0
0,0,0,0,0,0
0,0,0,0,0,0.01
0.01,0,0,0,0.01,0
0,0,0,0,0.01,0.01
0,0,0,0,0,0
0,0,0,0,0,0
0,0,0,0,0,0.01
0,0,0,0,0,0
0,0,0,0,0,0
0,0,0,0,0,0
0,0,0,0,0,0
0,0,0,0,0.01,0.01
0,0,0,0.01,0,0
0,0,0,0,0,0
0,0,0,0,0.01,0
0.36,0.83,0,0.73,0.23,0.31
0,0,0,0.01,0,0.01
0,0,0,0,0,0.01
0.55,0.36,0,1.36,0.73,1.5
2.12,1.24,0,2.24,2.12,2.07
0,0,0,0,0.01,0.01
0,0,0,0,0,0.01
0,0,0,0,0,0
0,0,0,0.3,0,0.13
0,0,0,0.02,0,0
0.04,0.1,0,0,0,0
0,0,0,0,0,0.01
0.19,0.17,0.36,0.28,0.32,0.34
0,0.16,0,0,0,0.01
0,0,0,0,0,0
0.08,0.22,0.81,0.48,0.32,0.05
0,0,0,0,0,0
0,0,0.11,0.03,0.02,0
0.54,0.9,0.5,0.18,0.08,0.03
0,0,0,0,0.02,0.01
0,0,0,0,0,0.01
0,0,0,0,0,0
0,0,0,0,0,0.01
0,0,0,0,0.05,0.02
0.29,0.19,0,0,0.07,0
0.14,0.14,0.31,0.52,0.42,0.57
1.38,2.7,1.44,1.57,2.09,1.42
0.02,0,0.01,0,0.01,0.01
0.5,0.44,0.35,0.46,0.28,0.16
0,0,0,0,0.01,0
0,0,0,0,0,0
0.59,0.33,0,0.01,0,0
0,0,0,0,0,0
0,0,0,0,0.01,0
0.02,0.08,0,0.03,0,0.37
0,0,0,0,0,0.02
0,0,0,0,0,0
0,0,0,0,0,0
0,0,0,0,0,0
0,0,0,0,0,0
0.15,0.07,0,0,0.02,0
0,0,0,0,0.01,0
0.41,0.72,1.39,0.8,5.37,0.44
0.39,0.39,0.9,1.46,2.64,0.33
0,0,0,0.01,0.01,0.76
0,0,0,0,0.01,0.03
0,0,0,0,0,0.02
0,0,0,0,0.01,0.01
0,0,0,0,0,0.02
0,0,0,0,0,0.01
0,0,0,0.53,0,0.01
0.1,0.07,0.01,0.28,0,0.01
0,0,0,0,0,0
0.01,0.02,0,0.05,0.11,0.01
0.02,0.04,0,0,0,0
0,0,0,0,0,0
0,0,0,0,0,0.01
0.79,1.03,0,2.57,3.85,0.01
0.57,0.95,0.01,0.48,1.46,1.39
0,0,0,0,0,0.03
0,0,0,0,0,0.01
0,0,0,0,0,0
0,0,0,0,0,0
0,0,0,0,0,0
0.5,0,0,0.1,0,0.04
0,0,0,0,0.02,0
0,0,0,0,0.01,0
0,0,0,0,0.02,0.01
0,0,0,0,0,0
0,0,0,0,0.01,0
0,0,0,0,0,0.01
0.04,0.18,0.07,0.21,0.02,0.02
0,0,0.01,0,0.01,0
0,0,0,0,0.01,0
0,0,0,0,0.01,0.01
0.01,0.01,0,0,0,0
0,0,0,0,0.01,0
0,0,0,0,0,0.01
0,0,0,0,0.01,0.01
0,0,0.07,0.01,0,0
0,0,0,0,0.01,0
0,0,0,0,0.01,0
0,0,0,0,0.01,0.01
0,0,0,0,0.01,0.01
0,0,0,0,0,0.01
0,0,0,0,0.01,0
0,0,0,0,0,0
0,0,0,0,0.01,0.01
0,0,0,0,0.01,0.01
0.11,0.16,0,0,0.02,0.11
0.16,0.03,0,0,0.01,0
0.01,0,0.16,0,0,0
0,0.02,0.02,0,0.01,0
0,0.04,0,0,0,0
0,0,0,0,0.02,0
0,0,0,0,0.01,0.01
0,0,0,0,0.01,0.02
0,0,0,0,0.01,0.01
0,0,0,0,0.01,0
0,0,0,0,0,0.01
0,0,0,0,0.01,0
0,0,0,0,0,0
0,0,0,0,0,0.01
1.06,1.91,0.2,0.44,0.22,0.04
0.06,0.11,0.42,0.28,0.12,0.14
0.61,0.89,2.98,3.58,1.43,2.02
0,0,0,0.01,0.02,0.01
0,0,0,0,0.01,0.01
0.01,0,0,0,0.01,0.03
0.01,0,0,0,0,0.02
0.07,0,0,0,0,0
0,0,0,0.01,0.06,0.01
0,0,0,0,0,0.01
0,0,0,0.07,0,0.03
0,0,0.55,0.14,1.59,0.01
0,0,0,0.03,0.3,0.34
0,0,0,0,0.01,0.01
0,0,0,0,0,0.01
0.03,0,0.01,0,0.01,0.04
0,0,0,0,0,0.01
0.01,0,0,0.16,0,0.01
0.61,0.17,0,0,0,0.01
1.03,0.54,0.99,0.74,0.18,1.2
0.07,0.89,0.63,0,0.25,0.14
0.09,0.01,0.04,0,0.08,0.04
0,0.01,0.01,0,0,0.02
0,0,0.02,0,0,0
0.04,0.03,0,0,0.01,0.01
0.52,0.22,0,0,0.28,0.09
0.18,0.01,0.09,0,0.03,0.91
1.86,2.18,0.53,0,0.87,0.51
0.86,0.35,1.04,0,1.24,0.17
0,0.01,0.01,0,0.02,0.32
1.03,0.59,0.71,0.72,1.61,1.11
2.19,1.25,1.85,0.96,0.33,1.08
0.48,0.43,0.47,0.48,0.41,0.06
0.01,0,0,0,0.01,0
0,0.01,0,0.07,0.1,0
0.15,0.31,0,0.03,0.02,0.01
0,0.01,0,0,0,0
0,0.03,0,0,0,0
0,0,0,0,0,0.01
0.12,0.07,0.11,0.02,0.47,0.15
0.63,0.12,0.55,0.32,0.13,0.63
0.06,0.12,0.24,0.16,0.85,0.12
0.92,0.2,0.4,0.06,0.72,0.14
0.21,0.1,0.96,0.05,0.08,0.05
0.02,0.31,1.29,0.45,0.18,1.13
1.29,1.27,0.15,0.11,1.64,0.02
0.08,0.22,0.39,0.36,0.45,0.21
0,0.03,0,0.22,0,0.02
0,0,0,0,0,0
0,0,0,0,0,0.01
0,0,0,0,0,0.01
0,0.04,0.96,0.02,0.76,0.39
0.02,0.11,0.16,0.32,0.02,0.02
0,0.21,0.21,0.28,0.12,0.43
0.31,0.23,0.63,0.28,1.04,1.05
0.01,0.04,0.02,0.01,0.06,0.02
0.06,0.19,1.04,0.14,0.26,0
0,0,1.58,0.17,1.13,0
0,0.04,0,0.45,0.15,0.01
0,0,0,0,0,0.01
0,0,0,0,0,0
0,0,0.03,0.02,0,0.02
0,0.01,0,0,0.02,0
0.16,0.4,0.15,2.22,0.62,0.29
0,0,0.26,0.84,0.04,1.08
0,0.05,0.16,0,0.01,0.01
0.28,1.1,2.13,0.26,0.33,0.02
0,0,0,0.15,0.02,0.37
0,0.02,0,0,0,0.02
0,0,0,0.27,0.01,0
0.23,0.89,0.73,0,0,0.04
0,0.04,0.99,0.21,0.04,0.01
0,0,0.02,0.85,0.04,0.14
0.05,0.01,0.44,0.06,0.05,0.06
0.3,1.07,0.1,0,0.28,0.63
0,0.57,0,0,0.04,0.01
0.84,0.41,0.08,0,0.47,0.01
0,0,0,0,0.01,0.11
0.08,0.03,0.3,0.29,0.13,0.47
0,0.03,0.31,0.75,0.33,0.01
0,0.22,0,0.87,0.01,0.27
0.31,0.29,0.01,0,0,0.05
0.33,0.27,0.48,0.61,0.49,0.33
0.01,0,0,0,0.01,0.01
0,0.44,0.01,0.16,0.17,0.11
0,0,0,0,0,0.02
0,0,0,0.01,0.15,0
0,0,0,0.07,0,0
2.46,2.04,2.77,3.39,3.37,2.46
4.52,3.39,3.46,3.65,1.81,1.81
0.12,0.1,0.13,0.03,0.17,0.01
0.14,0.06,0.01,0,0,0.16
0.42,1,0.08,0,1.18,0.21
0.19,0.44,0.02,0,0.78,1.25
0,0,0,0,0.01,0.06
0.13,0.37,0.04,0,0.01,0.01
1.39,1.19,0,0,0,0.01
0.69,1.56,0,0,0,0
0,0,0,0,0,0
0.03,0.09,0,0,0,0.02
1.07,0.75,0.15,0.12,0.09,0.07
0.06,0.67,1.4,0,0.66,0.32
0,0,0,0,0,0
0.09,0.1,0.31,0,0.05,0.11
0,0,0,0,0.01,0.01
0.08,0.11,0.03,0,0.05,0.01
2.89,3.98,3.53,1.25,4.67,4.23
0,0,0,0,0,0.01
0,0,0,0,0,0.01
0.03,0.14,0.06,0.07,0.02,0.03
0.03,0.13,0,0,0.01,0
0.01,0,0,0,0.01,0
0,0,0,0,0,0
0.01,0,0,0,0,0.03
0,0,0,0,0,0.05
0,0,0,0,0,0.01
0,0.01,0,0,0,0.01
0,0,0,0,0,0
0.01,0,0,0,0,0.01
0.07,0,0.01,0,0.02,0.02
0.01,0.01,0,0,0,0.02
0,0.01,0,0,0,0
0,0.01,0,0,0,0.02
0,0,0,0.04,0,0.02
0,0.03,0,0.04,0,0.37
0.57,0.83,0.11,0.13,0.06,0.08
0,0,0,0.02,0.1,0
0,0,0,0,0,0.01
0,0,0,0.01,0,0.02
1.09,2.58,0.9,2.05,1.31,1.69
1.13,1.11,0.06,0.01,0.18,0.41
0.34,0.37,0.27,0.2,0.19,0.26
0,0.01,0,0,0,0.01
0,0,0,0,0,0
0,0,0,0,0,0.01
2.92,2,6.38,2.34,1.97,2.98
0,0.02,0.29,0.22,0,0.16
0,0.06,0.68,1.13,0.11,0.13
0.01,0.06,0,0,0.01,0
0,0.02,0,0,0,0
0.04,0,0.15,0.92,0,0.04
0.03,0.25,0.16,0.02,0.09,0.01
0,0,0,0,0,0.03
0.02,0.14,0.58,0.04,0.04,0.28
0.63,0.61,0.54,0.21,1.47,0.74
0.14,0.16,0.09,0,0,0.03
0,0,0.09,0,0.16,0.01
0,0.01,0,0,0,0
0,0,0,0,0.15,0
0,0,0,0,0,0
0,0,0,0,0,0
0.05,0.04,0.08,0,0.07,0
0,0,0,0,0,0
0,0,0,0.02,0.03,0.2
0.44,0.65,0.75,0.94,0.36,0.48
0,0.01,0.01,0.03,0.02,0
0.31,0.61,0.13,0.08,0.57,0.97
0,0.02,0.18,0.15,0.27,0.08
0,0,0,0,0,0
0.01,0,0,0,0,0
0,0,0,0,0,0
0,0,0,0,0,0
0.01,0.01,0.13,0,0.02,0.28
0.01,0.02,0.03,0,0.19,0.05
0.02,0.01,0.02,0,0.01,0
0,0,0,0,0,0
0,0,0,0,0,0
0,0,0,0,0,0
0,0,0,0,0,0
0,0,0,0,0.01,0
0,0,0,0,0,0
0,0,0,0,0,0
0,0,0,0,0,0
0.04,0.01,0,0,0.02,0
0.01,0.04,0.16,0,0.11,0.19
0,0,0.03,0,0,0
0,0,0,0,0,0
0,0,0,0,0,0
0,0,0,0,0,0
0,0,0,0,0,0
0,0,0,0,0,0
0,0,0,0,0,0
0,0,0,0,0,0
0,0,0,0,0,0
0,0,0,0,0,0
0,0,0,0,0,0
0,0,0,0,0,0
0,0,0,0,0.01,0
0,0,0,0,0,0
0,0,0,0,0,0
0,0,0,0,0,0
0,0,0,0,0,0
0.12,0.16,0.15,0.42,0.38,0.35
0.09,0.1,0.07,0.03,0.1,0.06
0,0,0,0,0,0
0,0,0,0,0,0
0,0,0,0,0,0
0,0,0,0,0,0
0,0,0,0,0,0
0,0,0,0,0.01,0
0.01,0,0,0,0,0
0,0,0,0,0,0
0,0,0,0,0,0
0.3,0.32,0.43,0.4,0.29,0.28
0,0.01,0.01,0,0,0
0,0,0,0,0,0
0.06,0.01,0.03,0.02,0.03,0.08
0.03,0,0,0,0,0
0.02,0.01,0.07,0.01,0.01,0.06
0.01,0,0,0.01,0.01,0.01
0,0,0.01,0,0,0
0,0,0,0,0.01,0
0.01,0,0,0,0,0
0,0,0,0,0,0
0,0,0,0,0.01,0
0,0,0,0,0,0
0.27,0.04,0.17,0.24,0.15,0.13
0.23,0.05,0.12,0.23,0.01,0.14
0,0,0,0,0.01,0
0,0.01,0,0,0,0
0.01,0,0,0,0,0
0,0,0,0,0.01,0
0,0,0,0,0,0
0,0,0,0,0.01,0
0,0,0,0,0,0
0,0,0,0,0,0
0,0,0,0,0.01,0
0.07,0,0.11,0,0,0.07
0.01,0,0,0,0.01,0
0,0,0,0,0,0
0.07,0.02,0.13,0.09,0.13,0.09
0,0,0,0.02,0.01,0
0.01,0,0,0,0,0
0,0,0,0,0.01,0
0,0,0,0,0,0
0.01,0,0,0,0.01,0
0.05,0.1,0.16,0.05,0.12,0.04
0,0,0,0,0,0
0,0,0,0,0,0
0,0,0,0,0,0
0,0,0,0,0,0
0,0,0,0,0,0
0.02,0.01,0,0.01,0.01,0.02
0,0.02,0.01,0,0,0
0,0,0,0,0,0
0,0,0,0,0,0
0,0,0,0,0,0
0,0,0,0,0,0
0,0,0,0,0,0
0,0,0,0,0,0
0,0,0,0,0.01,0
0,0,0,0,0,0
0.01,0,0,0,0.01,0
0.01,0.01,0,0,0.01,0
0,0,0,0,0,0
0,0,0,0,0,0
0.36,0.43,0.17,0.06,0.14,0.15
0,0.01,0,0.01,0,0.01
0,0,0,0,0,0
0,0,0,0,0,0
0,0,0,0,0,0
0,0,0,0,0,0
0,0,0,0,0,0
0,0,0,0,0,0
0,0,0,0,0,0
0,0,0,0,0,0
0,0,0.04,0,0,0
0,0,0,0,0,0
0.01,0.01,0,0,0.01,0
0.01,0,0,0,0,0
0,0,0,0,0,0
0,0,0,0,0,0
0,0,0,0,0.01,0
0.01,0,0,0,0,0
0,0,0,0,0,0
0,0,0,0,0,0
0,0,0,0,0,0
0,0,0,0,0,0
0,0,0,0,0.01,0
0,0,0,0,0,0
0,0,0,0,0,0
0,0,0,0,0,0
0,0,0,0,0,0
0,0,0.01,0,0.01,0
0,0,0,0,0,0
0,0,0,0,0,0
0,0,0,0,0,0
0,0,0,0,0,0
0,0,0,0,0,0
0,0,0,0,0,0
0,0,0,0,0,0
0,0,0,0,0,0
0,0,0,0,0,0
0,0,0,0,0.01,0
0,0,0,0.01,0,0
0,0,0,0,0,0
0,0,0,0,0,0
0,0,0,0,0.01,0
0,0,0,0,0,0
0,0.01,0,0,0,0
1.12,0.93,1.28,2.69,0.51,1.67
0.07,0.11,0.09,0.05,0.07,0.2
0.01,0,0,0.01,0.01,0.03
0.14,0.07,0.82,0.28,0.35,0.5
0.01,0.01,0.05,0.04,0.03,0.01
0,0.03,0.39,0.36,0.19,0.55
0,0,0,0,0,0.04
0,0,0,0,0,0
0,0,0,0,0,0
0,0,0,0,0,0
0,0,0,0,0,0
0.08,0.13,0.07,0,0.17,0.11
0,0,0,0.01,0,0
0.82,2.45,0.06,0,0,0
0,0,0,0,0,0
0,0,0,0,0,0
0,0,0.01,0,0,0
0,0,0,0,0,0
0,0,0,0,0,0
0,0,0,0,0,0
0,0,0,0,0,0
0,0,0,0,0,0
0,0,0,0,0,0
0,0,0,0,0,0
0,0,0,0,0,0
0,0,0,0,0,0
0,0,0,0,0,0
0.03,0.01,0.08,0.33,0,0
0,0,0.01,0.02,0.04,0
0,0,0.01,0,0.01,0
0,0,0.05,0,0,0
0,0,0,0,0,0
0,0,0,0,0,0
0.93,0.84,0.65,0.3,0.05,0
0.47,0.18,0.74,0.65,0.28,0.19
0,0,0,0,0,0
0,0,0,0,0,0
0,0,0,0,0,0
0,0,0,0,0,0
0,0,0,0,0,0
0,0.01,0,0,0,0
0,0,0,0.06,0,0
0,0,0,0.01,0,0.01
0,0,0,0,0,0
0,0,0,0,0,0
0,0,0,0,0,0
0,0,0,0,0,0
0,0,0,0,0,0
0,0,0,0,0,0
0,0,0,0,0,0
0,0,0,0,0,0
0,0,0,0,0,0
0,0,0,0,0,0
0,0,0,0,0,0
0,0,0,0,0,0
0,0.75,0,0,0.02,0
0.02,0.27,0.23,0.22,0.04,0.13
0,0,0,0,0.02,0.42
0.44,0.3,0.65,0.31,0.05,0.1
0.02,0,0.01,0.42,0,0.01
0.02,0.11,0,0.04,0.05,0.51
1.27,0.78,1.86,1.13,0.98,1.38
1.22,0.83,3.86,0.35,1.85,5.9
0.15,0.11,0.11,0.16,0.01,0.27
0.99,0.41,0.32,0.43,0.32,0.66
1.7,0.83,0.79,0.09,0.22,0.57
0.36,0.18,0.2,1.61,0.49,1.02
0.09,0,0,0,0.01,0
1.22,0.24,0.19,0.28,0.03,0.06
0.73,0.19,0.69,0.08,0.08,0.15
1.15,1.1,0.92,0.26,0.11,0.56
0.04,0.19,0.15,0.09,0.23,0.24
0.08,0.44,1.21,1.1,0.14,0.39
0.09,0.2,0.36,0.26,0.09,0.02
0,0,0.01,0.04,0.14,0.61
0.01,0.01,0,0.01,0.01,0.3
1.11,1.24,0.02,0,0.28,0.01
0.1,0.22,0,0.01,0.05,0
0.01,0.04,0,0,0,0.03
0.9,1.06,1.58,1.21,1.61,0.31
0.57,0.35,0.14,0.12,1.13,0.65
0.01,0.02,0.01,0.14,0.02,0.03
1.2,0.72,1.03,0.5,0.11,0.56
0.01,0,0.01,0.01,0,0
0,0,0,0,0,0
0,0,0,0,0,0
0.07,0.08,0,0,0,0
0,0,0,0.01,0,0
0,0,0,0,0,0
0,0,0,0,0,0
0,0,0,0,0.4,0
0,0,0.84,0.07,0.04,0.11
0,0,0,0,0,0
0,0,0,0.04,0,0.02
0,0,0,0,0,0
0,0,0,0,0,0
0,0,0,0,0,0
3.07,3.11,2.48,1.35,2.18,3.25
0.1,0,0,0.01,0.01,0.04
0.01,0.05,0,0.01,0,0.06
1.45,1.07,0.16,0.46,0.36,1.34
0.46,0.16,0.75,0.12,0.22,0.07
0.09,0.34,0.16,0.83,0.68,1.22
0.59,0.71,0.96,0.71,0.68,0.76
0.73,1.07,1.08,0.87,1.35,1.1
0.46,0.68,0.31,0.39,0.69,0.15
1.22,0.62,0.39,0.19,0.98,0.17
0.23,0.02,0,0.01,0,0
0.01,0,0,0,0,0
0.01,0.01,0.44,0,0,0
0.01,0,0.06,0,0,0.02
0,0,0,0,0,0
0.05,0.08,2.28,1.36,0.98,0.04
0.3,0.55,0.69,0.2,0.28,1.44
0.01,0,0,0.15,0.01,0
0,0,0.53,0.01,0,0
0,0,0,0,0.01,0
0.03,0.12,1.03,0.13,0.08,0.21
1.18,0.01,0.01,0.01,0.01,0
0.29,0.36,0,0.01,0.04,0.06
0,0.01,0,0,0.07,0.03
0.24,0.07,0,0,0.1,0
0.16,0.1,0.69,0.68,0.07,1.03
1.35,1.82,1.71,0.29,0.35,0.18
0,0.2,0.01,0.05,0.23,0
0,0,0,0,0,0
0,0,0.02,0,0.56,0
0,0,0,0,0.17,0.63
1.44,0.02,0,0.4,0.07,0
0.34,0.46,0.02,0.05,0.06,0.03
0,0,0,0,0,0
0,0,0,0.06,0,0.76
0.29,0.02,0,0,0.03,0
0,0,0.09,0.12,0,1.85
0,0,0.08,0.04,0,0.58
0,0,0,0,0.01,0
0,0,0,0.03,0,0
0,0,0,0,0.01,0
0,0,0,0,0,0
0,0.01,0.03,0,0,0
0,0,0.05,0,0.64,0
0.46,0.55,0.17,0.25,0,0.16
0.01,0.01,0.01,0,0.01,0.01
0.04,0,0,0,0,0
0.05,0.45,0,0.07,0.04,0
0.29,0.43,0,0.01,0.1,0
0.01,0,0,0,0,0
0,1.27,0,0,0,0
0,0,0.46,0,0.01,0.4
0,0,0,0,0,0
1.6,0.55,0,0.46,1.48,1.75
0,0,0.01,0.01,0,0.01
0.58,0.22,0.16,0.75,0.02,0.09
0,0,0.04,0.05,0.26,0.35
0.41,0.19,0.02,0.03,0.4,0.02
0.01,0.1,0.03,0,0,0
0,0,0,0,0.06,0
0.4,0.03,0.66,0.04,0.56,0
0.48,0.25,0.87,0.09,1.68,0.01
0.01,0.03,0.19,0.96,0,0.52
0.01,0,0.52,0.56,0.02,0.73
0.14,0,0,0.01,0.05,0.06
0,0.02,1.19,0.38,0.01,0
0.64,0.43,0.05,0.13,0.16,0.26
0.12,0.18,0.02,2.34,0.04,0.9
0.04,0,0.4,0,0.78,0
0,0,0.95,0.55,0,0
2.47,1.82,0.35,1.51,0.47,0.6
0.01,0,0,0.01,0.01,0
0.09,0.08,0.71,0.55,2.02,3.61
0.1,0.17,0.17,0.08,0.28,0.26
2.41,1.18,0.01,0,0,0.08
0.58,0.01,0.01,0,1.66,0
0.68,0.09,0,0,0.05,0
0.01,0.02,0.68,0.19,0.02,0.01
0.11,0.21,0.04,0.06,1.9,0.15
0.01,0.02,0.56,0.05,0.35,0.67
0.84,0.02,0,0,0.01,0.48
0.03,0.08,0.03,0.04,0.1,0.02
0.22,0.6,0.27,0.72,0.07,0.08
0.01,0.31,0.38,0.39,0.18,0.4
0,0,0,0,0,0
0,0,0,0,0.02,0
0,0,0,0,0.01,0
0,0,0,0,0,0.05
0,0,0.08,0.51,0,1.51
0,0,0,0,0,0.13
0,0.11,0,0.08,0,0.02
0,0,0,0,0,0.02
0.02,0.18,0.13,0.25,0.02,1.01
0.29,0.55,0.11,0.21,0.07,0.01
0,0.45,0.01,0.11,0.05,1.74
0.16,0.6,0,0.02,0,0
0.17,0.18,0.03,0,0.55,0.29
0,0,0,0,0,0.01
0,0,0,0,0,0
0,0.01,0,0,0,0
0,0,0,0,0,0
0,0,0.36,0,0,0
0.01,0,0.01,0,0,0
0,0,0,0,0,0
0.03,0.12,0.09,0,0,0
0,0.01,0.01,0,0,0
0,0,0,0,0,0
0,0,0,0,0,0
0,0,0,0,0,0
0,0,0,0,0,0
0,0,0,0,0,0
0,0,0,0,0,0.02
0,0,0,0,0,0
0,0,0,0,0,0
0,0,0.02,0,0,0.24
0,0,0,0.01,0,0
0,0,0,0,0,0.06
0,0,0,0,0,0
0,0,0,0,0,0
0.01,0,0.03,0.4,0.05,0
0.01,0,0.02,0.01,0.01,0
0.2,0.15,0.05,0.22,0.14,0.34
0.01,0.01,0.13,0.01,0.01,0.02
0.25,0.82,0,0,2.11,0.08
0.12,0.13,0.01,0,0.01,0
0.01,0.01,0,0,0,0
0.02,0,0,0.18,0,0
0,0,0,0,0,0
0,0,0.03,0,0.01,0
0,0,0,0.06,0,0
0,0,0,0,0,0
0,0,0,0,0,0
0,0,0,0,0,0
0,0,0,0.01,0.01,0
0,0.01,0.05,0.05,0,0.02
0.4,0.31,0.06,1.11,0,0.02
0,0,0.01,0,0.01,0
0,0,0,0,0,0
0,0,0,0,0,0.09
0.04,0.03,0.06,0.06,0,0.02
0,0.01,0,0,0,0
0.22,0.28,0.38,0.11,0.55,0.06
0.03,0.02,0,0.01,0,0
0,0,0,0,0,0
0,0,0,0,0,0
0,0,0,0,0.01,0
0,0,0,0.01,0,0
0,0,0,0.02,0,0
0,0,0,0,0,0
0,0,0,0,0,0.01
0.04,0.01,0,0,0.01,0
0,0,0,0,0.01,0
0,0,0,0,0,0
0,0,0,0,0,0
0.01,0.01,0.01,0,0.01,0
0.74,0.75,0.78,1.04,0.78,1.01
0,0.01,0,0.01,0,0
0,0,0.01,0,0,0
0,0,0,0.01,0,0
0.01,0,0,0,0,0
0,0,0,0,0.01,0
0,0,0,0,0,0
0,0,0,0.03,0.01,0.06
0,0,0,0.02,0.04,0
0.19,0.02,0.03,0.08,0.3,0
0.53,0.38,0.19,0.22,0.22,0.8
0,0,0,0.01,0,0
0.01,0,0,0,0,0
0,0,0,0,0,0
0.01,0,0,0.01,0.01,0
0,0.01,0.01,0,0.01,0.01
0,0,0,0,0,0
0.68,1.65,2.47,2.35,1.72,1.72
0.06,0.07,0.04,0.2,0.01,0.01
0,0,0,0.01,0.01,0
0.17,0.16,0.5,0.93,0.24,0.53
0.01,0.03,0,0.01,0,0
1.67,0.19,3.65,3.13,1.47,4.36
0.56,0.84,0.6,1.16,1.02,0.69
0.01,0,0,0.01,0,0
0,0,0,0,0,0
0,0,0,0,0,0
0,0,0,0,0,0
0,0,0,0,0,0
0.01,0,0,0,0,0
0.09,0.2,0,0,0,0
0,0,0,0,0,0
0,0,0,0,0.01,0
0,0,0,0,0,0
0,0,0,0,0,0
0,0,0,0,0,0
0,0,0,0.02,0,0
0.18,0.3,0.33,0.26,0.32,0.31
0,0,0,0.01,0.01,0
0,0,0,0,0,0
0,0,0,0,0,0
0,0,0,0,0,0
0,0,0,0,0,0
0,0,0,0,0,0
0,0,0,0,0,0
0.25,0.27,0.37,0.39,0.34,0.34
0,0,0,0,0,0
0,0,0,0,0,0
0,0,0,0,0,0
0,0,0,0,0,0
0,0,0,0,0,0
0,0,0.01,0.21,0,0
0,0,0,0,0.01,0
0.49,0.53,0.97,0.54,0.74,0.58
0.01,0,0,0,0.01,0
0,0,0,0,0,0
0,0,0,0.01,0,0
0.01,0,0,0,0,0
0.14,0.05,0,0,0,0
0,0,0,0,0,0.01
0.01,0,0,0,0,0
0.14,0.16,0.02,0.09,0.06,0.29
0.01,0,0,0.01,0.01,0
0,0,0,0,0,0
0,0,0,0,0,0
0,0,0,0,0,0
0,0,0,0,0,0
0,0,0,0,0,0
0.63,0.67,0.56,0.74,0.74,0.8
0.07,0.14,0.22,0.29,0.28,0.04
0,0,0,0,0.01,0
0,0,0,0,0.01,0.01
0.22,0.29,0.01,0,0.04,0.02
0,0,0.01,0,0.01,0.01
0,0,0,0.01,0,0
0,0,0,0,0,0
0.15,0.26,0.19,0.2,0.2,0.01
0.01,0,0,0,0,0.01
0,0.01,0,0,0,0
0.45,0.61,0.79,0.61,0.77,0.68
0,0,0,0,0,0
0,0,0,0,0,0
0.01,0,0,0,0,0
0,0,0,0,0.01,0
0,0,0,0,0,0
0,0,0,0,0,0
0,0,0.01,0,0,0
0,0,0,0,0,0
0,0,0,0,0.01,0.02
0.01,0.02,0.1,0.09,0.08,0.14
0,0,0,0.01,0,0
0.91,0.87,1.84,2.08,0.58,0.3
0,0,0,0,0,0
0.01,0,0,0,0,0
0.2,0.23,0.35,0.35,0.35,0.22
0,0.01,0.01,0.01,0.01,0
0.01,0,0,0,0.01,0
0.17,0.18,0.16,0.2,0.14,0.17
0,0,0,0,0,0
0,0,0,0,0,0
0,0,0,0,0,0
0,0,0,0,0,0
0,0,0,0,0,0
0,0,0,0,0.01,0
0,0,0,0.01,0,0
0,0,0,0,0,0
1.67,0.99,0,0,0.02,0
4.13,4.37,2.54,2.16,2.45,1.45
0,0.01,0,0.01,0.02,0
0,0,0,0,0,0
0,0,0,0,0,0
0,0,0,0,0,0
0.07,0.08,0.1,0.09,0.11,0.05
0.01,0,0.01,0.01,0,0.01
0,0,0,0,0,0
0,0,0,0,0,0
0.44,0.4,0.95,1.23,0.66,0.17
0.09,0.1,0.17,0.29,0.2,0.25
0,0,0,0,0.01,0
0,0,0,0,0,0
0,0,0,0,0,0
0.01,0.01,0.1,0.03,0.13,0.22
0,0,0,0,0.01,0
0.01,0,0.03,0,0.03,0
1.01,1.19,0.87,1.16,0.79,1.32
0,0,0,0,0,0
0,0,0,0,0,0
0,0,0,0,0,0
0,0.01,0,0,0,0
0.01,0,0,0,0.01,0
0,0,0,0,0,0.01
0,0,0,0,0,0
0,0,0,0,0,0
0,0,0,0,0,0
0,0.01,0,0,0.01,0
0,0.01,0,0,0,0
0,0,0,0,0,0
0.09,0.11,0.27,0.2,0.57,0.06
0.68,2.16,0.91,2.02,0.8,0.75
0,0,0.03,0.01,0.02,0.01
0,0,0.13,0.1,0.09,0.01
0,0,0,0,0,0
0.52,0.25,0.14,0.22,0.2,0.11
0.02,0.03,0.08,0.09,0.05,0.11
0.45,0.6,0.43,0.58,0.6,0.83
0.04,0.06,0.15,0.18,0.17,0.29
0.62,1.4,0.54,0.67,0.54,1.16
0.01,0,0,0.01,0,0.01
0,0,0,0,0,0
0,0,0,0,0,0
0,0,0,0,0.01,0
0,0,0,0.23,0,0
1.38,1.58,2.04,1.97,2.29,2.55
0,0,0,0,0.01,0
0.01,0.01,0,0,0,0.01
0,0,0,0,0,0
0,0,0,0,0.01,0
0,0,0,0,0,0
0,0,0,0,0,0
0,0,0,0,0,0
0,0,0,0,0,0
1.36,0.71,0.97,0.51,1.04,0.12
0.24,0.48,1.18,0.15,0.43,0.58
0.01,0,0,0,0.11,0.01
0.01,0,0,0,0.01,0
0,0,0,0,0,0
0,0,0,0,0,0
0,0,0,0,0,0
0,0,0,0,0,0
0,0,0,0,0,0
0,0,0,0,0,0
0,0,0,0,0,0
0.08,0.08,0,0.03,0.03,0.06
1.12,0.87,0.45,1.39,0.57,0.07
0.02,0.01,0.01,0.01,0.01,0.01
1.77,1.81,0.79,0.12,1.87,0.67
0,0.01,0.01,0.01,0,0
0,0,0,0,0,0
0,0,0,0,0,0
0,0,0,0,0.01,0
0,0,0,0,0,0
0.01,0,0.38,0.23,0.02,0.9
0,0,0,0,0,0
0,0,0,0,0,0
0,0.25,1.38,0.04,3.11,0.08
0.64,0.73,0.01,0.06,0.64,0.01
0,0.03,0,0.01,0.01,0
0.46,0.29,0,0.47,0.12,0
0.49,0.57,2.68,2.6,0.03,0.02
0.11,0.22,0.73,0.24,1.1,0.12
0.85,0.7,1.29,0.11,1.31,0.24
0.05,0.04,0.1,0.51,0.02,0.01
0.03,0.01,0,0.01,0,0
0.49,0.37,0,0.33,0,0.22
0,0.03,0.01,0.03,0.03,0.02
0,0.01,0.01,0.01,0,0
0,0,0,0,0.01,0
0,0,0,0,0,0
0,0,0,0,0,0
0,0,0,0.07,0.32,0
0.9,0.79,0.42,0.01,0.05,0.29
0,0.01,0,0.5,0,0
0.01,0,0,0,0,0
0,0.1,0,0,0,0
0.71,1.65,0.18,0,0.22,0.25
1.3,0.84,1.01,0.02,1.51,0.67
0.17,0.02,0.11,1.04,0,0
0.44,0.04,0.1,0,0.37,0.04
0,0,0.04,0.17,0,0.01
0.03,0.01,0,0.01,0,0
0.04,0.16,0,0,0,0
0.01,0.01,0,0,0,0.03
0,0,0,0.02,0,0.09
0,0,0,0,0,0.03
0,0,0,0.02,0,0.04
0,0,0,0,0,0.02
0,0,0,0,0,0
0.14,0,0.26,0,0.36,0.05
0,0.02,0,0,0.06,0
0.28,0.36,0.93,0.96,2.08,0.5
0.43,1.48,1.53,0.4,0.68,0.17
0.56,0.59,2.03,0.74,1.64,0.67
0.12,0.12,0.1,0.12,0.54,0.28
0.01,0,0.01,0,0.01,0.01
0.05,0.15,0,0,0.02,0.01
0,0,0.11,0.01,0.18,0.01
0,0,0,0,0,0
0,0,0.04,0.25,0.01,0
0,0,0.01,0.01,0,0
0,0,0,0,0,0
0.21,0,0.01,0.2,0,0.05
0.89,0.84,1.35,0.13,2.12,0.21
0.03,0.01,0.25,0.16,0.15,1.79
0.15,0.3,0.27,0.35,0.11,0.41
0,0,0,0.01,0,0
0.18,0.1,0.38,0.2,0,0.28
0.08,0.06,0.17,0.12,0.27,0.06
0,0.01,0,0,0.01,0.04
0,0,0,0,0,0
0,0,0,0,0,0
0.48,0.57,0.63,0.39,0.72,0.92
0,0,0,0,0,0
0.01,0.16,0.28,0.11,0.09,0.58
0.01,0,0.01,0,0.01,0
0,0.11,0,0,0.43,0
0,0,0,0,0,0
0,0,0,0,0,0
0,0.28,0,0.03,0.41,0.17
0,0.02,0,0.01,0.6,0
0.01,0,0,0.07,0.01,0
0.47,0.08,1.1,0.01,0.74,0.04
0.06,0.72,1.05,0.03,0.68,0.13
0.18,0.06,1.68,0.14,0.72,1.23
0.01,0.19,0,0.01,0.21,0.01
0.3,0,2.85,0.74,0.19,0.25
0.01,0,0,0.01,0.02,0.01
1.18,0.58,0.71,0.91,0.78,1.35
0.01,0.11,0.1,0.01,0.02,0.1
0.25,1.52,0.58,0.28,1,1.26
0,0.01,0.01,0.01,0.02,0.01
0,0,0,0,0.01,0
0,0,0.05,0.56,0,0.04
0,0,0.01,0.01,0,0.39
0.04,0.03,0.06,0,0,0
0.68,0.53,0.7,0.52,0.11,0.02
0.01,0.1,0.1,0.01,0.12,0
0,0,0,0,0.01,0
0.46,1.3,0,0,0,0
0.02,0.11,0,0.05,0.01,0
1.07,1.12,0.04,0.26,0.35,0.08
0.73,0.69,0,0.01,0.01,0
0.01,0.01,0,0.01,0,0.08
0,0.01,0.14,0.18,0.01,0.15
0.28,0.21,0.69,0.74,1.01,0.1
0.06,0.03,0.02,0.01,0.03,0
0,0,0,0.01,0,0
0,0,0,0,0.01,0
0.85,1.16,3.09,3.9,1.87,1.79
0.09,0.04,0.06,0.14,0.05,1.43
0.01,0.01,0.04,0.03,0.03,0.01
0.04,0,0.07,0,0,0.03
0,0,0,0,0.01,0
1.03,1.11,0.02,0.67,0.03,0.56
0,0,0,0,0,0.02
1.48,0.55,0.05,0.36,0.2,0.41
0.22,0.09,0.11,0.29,0.46,0.12
0.31,0.3,0.2,0.14,1.74,0.37
0.03,0.1,0.36,0.13,0.12,0.26
0.42,0.49,0,0,0.35,0.02
0.02,0,0.54,0.33,0.01,0.06
0,0,0.08,0.01,0.4,0.07
0.14,0.53,0,0.01,0.74,0
0,0.01,0,0,0.01,0.04
0.02,0,0.39,1.8,0.29,0.37
0,0,0.04,0.06,0.08,0
0.91,0.2,0,0.01,0,0
0.01,0.12,0,0,0,0
0,0.16,0,0,0,0
0.01,0,0,0,0,0
0,0,0,0,0,0
0.06,0.04,0.02,0.12,0.07,0.34
0,0.02,0.01,0.01,0,0.2
0.43,0.5,0.51,0.21,0.55,0.45
0.07,0.22,0.04,0.09,0.3,0.21
0,0,0,0,0,0.01
0,0,0,0,0.01,0
0.04,0,0,0,0,0.16
0.24,0.25,0.39,0.52,1.32,0.97
1.2,1.98,1.37,2.3,0.85,1.22
0.02,0.06,0.24,0.26,0,0.01
0,0,0.01,0.01,0,0
0,0,0,0,0,0
0,0,0,0,0,0
0,0,0,0,0,0
0,0,0,0,0,0
0,0,0,0,0,0
0,0,0,0,0,0
0,0,0,0,0,0
0,0,0,0,0,0
0,0,0,0.01,0.01,0
0,0,0,0,0,0
0,0,0,0,0,0
0.21,0.59,0,0.02,0.18,0
0,0,0.02,0,0,0
0.01,0,0,0.01,0.01,0
0,0,0,0,0,0
0,0,0,0,0,0
0,0,0,0,0,0
0,0,0,0,0,0
0.01,0.08,0.3,0.02,0.03,0.06
0.01,0,0,0,0.01,0
0,0,0,0,0,0
0,0,0,0,0.01,0.04
0.03,0.11,0.49,0.15,0.22,0.24
0.01,0.01,0,0,0.01,0
0,0,0,0,0,0
0,0,0,0,0,0
0.02,0.01,0,0.21,0.03,0.22
0,0.12,0.14,0.74,0.24,0.27
0,0,0,0.01,0.01,0
0,0,0,0,0.01,0
0.12,1.45,1.26,0.04,1.34,2.09
0,0,0,0,0,0
0.06,0.11,0.1,0.2,0.14,0.31
0.29,0.26,0.76,0.37,0.43,0.02
0.01,0,0,0,0,0
0,0,0,0,0,0
0,0,0,0,0,0
0,0,0,0,0,0
0,0,0,0,0,0
0,0,0,0.01,0,0
0,0,0,0,0.01,0
0,0,0.05,0.01,0.06,0.06
0,0,0,0,0.01,0
0,0,0,0,0,0
0,0,0,0,0,0
0,0,0,0,0,0
0,0,0,0.01,0.01,0
0,0,0,0,0,0
0,0,0,0,0,0
0,0,0,0,0,0
0,0,0,0,0.01,0
0.01,0,0.01,0.05,0.03,0.01
0,0,0,0,0,0
0,0,0,0,0,0
0.03,0,0.02,0.04,0.04,0.13
0,0,0,0,0,0
0,0,0.01,0,0.01,0
0,0,0,0,0,0
0,0,0,0,0,0
0.04,0.07,0.01,0.09,0,0
0,0,0.01,0,0,0
0,0,0,0,0,0
0,0,0,0,0,0
0,0,0,0,0.01,0
0,0,0,0.01,0,0
0,0,0,0,0,0
0,0,0,0,0,0
0,0,0,0,0,0
0.26,0.21,0.15,0.18,0.15,0.18
0,0.01,0.01,0.01,0.01,0
0,0,0,0.01,0.01,0
0,0,0,0,0,0.01
0,0,0,0,0,0
0,0,0,0,0,0
0,0,0,0,0,0
0,0,0,0,0,0
0.01,0.01,0,0,0,0
0.44,0.52,0.6,0.35,0.39,0.44
0,0.01,0,0.01,0.01,0
0,0,0,0,0,0
0,0,0,0,0,0
0,0,0,0,0,0
0,0,0,0,0,0
0,0,0,0,0,0
0.01,0,0,0,0.01,0
0.08,0.08,0.23,0.15,0.32,0.1
0,0,0,0,0,0
0,0,0,0,0,0
0,0,0,0,0,0
0,0,0,0,0,0
0,0,0,0,0,0
0,0,0,0,0.01,0
0,0,0,0,0,0
0,0,0,0,0,0
0,0,0,0,0,0
0,0,0,0,0,0
0.3,0.23,0.7,0.51,0.38,0.14
0,0,0,0,0,0
0,0,0,0.01,0.01,0
0.01,0,0,0,0,0
0,0,0,0,0,0
0,0,0,0,0.01,0
0,0,0,0,0,0
0,0,0,0,0,0
0,0,0,0,0,0
0,0,0,0,0,0
0,0,0,0,0,0
0.12,0.15,0.2,0.19,0.18,0.3
0.32,0.02,0.01,0.02,0.01,0.01
0.04,0.02,0,0,0.01,0
0.01,0,0.01,0.01,0.01,0.42
0.03,0.02,0.01,0.16,0.01,0.01
0,0,0.01,0,0,0
0,0,0.01,0.01,0,0
0.01,0,0,0,0,0
0.48,0.63,0.62,0.56,0.51,0.63
0.02,0.03,0.09,0.04,0.02,0.03
0.01,0,0,0,0,0.01
0,0,0,0,0,0
0,0,0,0,0,0
0,0,0,0,0.01,0
0,0,0,0,0,0
0.01,0,0,0,0,0
0,0,0.01,0,0.01,0
0.01,0,0,0.01,0.01,0
0,0,0.01,0,0.01,0
0.01,0,0,0.01,0,0.01
0,0,0,0,0.01,0.01
0.01,0,0,0,0.01,0
0,0,0,0,0,0
0,0,0,0,0,0
0.27,0.09,0.02,0.02,0.12,0
0.12,0.19,0.11,0.08,0.1,0
0.15,0.16,0.17,0.19,0.22,0.16
0,0,0,0,0,0
0,0,0,0,0,0
0,0,0,0,0,0
0.04,0,0,0,0,0
0,0.03,0.02,0.05,0.01,0.01
0.01,0,0,0,0,0
0,0,0,0,0.01,0
0,0,0.01,0.01,0,0
0,0,0,0,0.01,0
0.02,0,0,0,0.01,0
0,0,0,0,0,0
0,0,0,0.01,0,0
0,0,0,0.01,0,0
0,0,0,0,0,0
0,0,0,0,0.01,0
0.01,0,0,0,0.01,0
0,0.03,0.09,0.02,0.14,0.17
0,0,0,0,0.01,0
0.01,0,0,0.01,0,0
0,0,0,0.01,0,0
0.22,0.16,0.03,0.16,0.46,0.23
0,0,0.09,0.05,0,0.1
0,0.01,0,0,0.01,0
0,0,0,0.1,0,0
0,0,0,0.02,0,0.01
0.21,0.19,0.3,0.06,0.21,0.07
0,0,0,0.01,0,0
0,0,0,0,0,0
0,0,0,0.01,0,0
0,0,0,0,0.01,0
0,0,0,0,0,0
0,0,0,0,0,0
0,0,0,0,0,0
0,0,0,0,0,0
0,0,0,0,0,0
0,0,0,0.01,0.01,0.01
0,0,0.02,0,0,0
0,0,0,0,0,0
0.01,0,0,0,0,0
0,0,0,0.01,0,0
0,0,0,0,0.01,0.01
0,0,0,0,0,0
0,0,0,0,0,0
0.72,0,1.75,0.75,2.18,2
0.04,0.16,1.89,0.31,1.56,0.35
0.01,0,0,0.01,0.01,0
0,0,0,0,0,0
0.03,0,0.14,0.04,0.11,0.03
0,0,0,0,0,0
0,0,0,0,0,0
0,0,0,0,0,0
0.22,0.31,0.12,0.23,0.12,0.14
0.01,0,0,0,0,0.01
0,0,0,0,0,0
0,0,0,0,0,0
0,0,0,0,0,0
0,0,0,0,0,0
0,0,0,0,0,0
0,0,0,0,0,0
0,0,0,0,0,0
0,0,0,0,0,0
0,0,0.58,0,0,0.15
0,0,0,0.2,0,0.01
0.1,0,0,0.6,0.01,0.15
0.09,0.04,0.01,0.02,0,0.52
0.02,0,0,0,0,0
0,0,0,0,0,0
0,0,0,0,0,0
0,0,0,0,0,0
0,0,0,0,0,0
0.17,0,0.4,0.5,0.6,0.06
0.03,0,0,0.01,0,0
0,0,0,0,0,0
0,0,0,0,0,0
0,0,0,0.01,0.11,0
0,0,0.27,0.26,0.58,0.03
0,0,0,0,0,0.02
0.01,0.79,0.04,0.04,0.03,0
0.02,0.05,0,0.01,0,0.1
0,0,0,0,0,0
0,0,0,0,0,0
0.38,0.15,0.07,0.12,0,0.61
0.07,0.03,0.07,0.04,0.14,0.02
0,0,0,0.01,0.01,0
0,0,0,0,0,0
0,0,0,0,0,0
0,0,0,0,0,0
0,0,0,0,0,0
0,0,0,0,0,0
0,0,0,0,0,0
2.35,2.56,0.18,0.37,0.77,1.23
0.16,0.14,0.52,0.13,0.79,0.02
0,0,0,0,0,0
0.15,0,0,0.01,0,0
0,0,0,0,0,0
0,0,0,0,0.04,0
0,0,0,0,0.01,0
0,0.2,0,0,0,0
0,0,0,0,0,0
0,0,0,0,0,0
0,0,0,0,0,0
0,0,0,0,0,0
0,0,0,0,0,0
0.08,0.22,0,0.01,1.22,0.09
0.26,0.11,0.03,0.01,0.26,0
0.03,0,0.01,0,0.01,0.05
0.04,0,0,0.17,0,0.01
0.02,0,0,0,0,0
0,0,0,0,0,0
0,0,0,0,0,0
0,0,0,0,0,0
0,0,0,0,0,0
0,0,0,0,0,0
0,0,0,0,0,0
0,0,0,0,0,0
0.05,0.03,0,0,0,0
0,0.1,0,0.02,0,0
0,0,0,0.02,0,0
0,0,0,0.01,0,0
0.04,0.06,0.33,0.15,0.07,0.2
0.34,0.56,0.88,0.11,0.14,0.13
0.6,1.01,1.24,0.48,0.01,0.01
0.01,0.11,0.03,0.01,0.12,0
0,0,0,0,0,0
0,0.07,0,0,0,0
0,0,0,0,0,0
0,0.28,2.11,0.61,0.96,0.67
0.24,0.02,0.99,0.17,0.28,0.01
0,0.02,0,0.01,0.01,0
0,0,0,0,0,0
0,0,0,0,0,0
0.47,0.32,1.17,1.17,1.02,0.4
0.25,1.56,0.42,0.49,0.74,1.06
0.17,0.2,1.6,0.86,0.4,0.53
0,0,0,0.01,0,0.01
0.25,0.51,0.35,0.42,0.4,0.03
0.68,0,0.04,1.01,0,0.22
0,0,0.58,0.1,0.02,0.18
0.31,0.61,1.36,0.63,0.25,0.61
0.24,0.05,0.01,0,0.13,0.01
0,0.07,0.03,0.11,0.11,0.01
0.11,0.01,0.03,0.43,0.02,0.16
0,0,0,0,0,0
0.06,0.18,0.23,0.12,0.22,0.01
0.18,0.03,0.09,0.15,0.01,0.17
1.22,1.47,2,0.62,0.93,0.15
0,0,0.01,0.09,0,0.04
0.01,0.8,0,0.78,0,0
0.77,0.5,0,0,0.55,0.25
0.05,0.22,3.62,0.27,0.32,0.66
0.01,0.01,0,0.01,0.16,0.01
0,0,0.13,2.13,0.08,0.74
0.07,0.97,0,0.01,0.12,0.01
0.21,0,0,0.29,0.01,0
0,0,0.08,0.06,0.09,0.64
0.76,0.05,0.19,0,0.14,1.39
0,0,0,0,0,0
0,0,0,0,0.05,0
0,0,0.16,0.24,0.07,0
0.1,0.15,1.02,0.24,0.22,0.05
0.01,0.03,0,0.01,0.01,0
0,0,0,0,0,0
0,0,0,0,0,0
0,0,0,0,0.05,0
0,0,0,0,0,0
0.02,0,0,0,0.06,0
0,0,0,0,0,0
0,0,0,0.01,0,0.01
0,0,0,0,0,0
0.07,0,0.21,2.38,0.04,0.83
0.01,0,0.01,0.06,0.01,0.59
0,0,0,0.02,0,0.01
0.06,0.53,0,0,0.12,0.11
0,0,0,0,0,0.01
0,0.3,0.01,0,0.01,0
0.16,0.05,0.18,0.2,0.42,0.55
0,0.01,0.17,0.33,0.01,0.42
0.19,0.36,0.11,0.05,0.14,0.18
0.5,0.27,0.02,0.01,0.05,0.01
0,0.08,0,0.67,0,0.54
0,0,0.46,0.97,0.06,0.65
0.94,1.28,0.45,0.48,0.71,2.2
0.01,0,0.42,0.1,0,0
0.07,0.03,0.02,0.04,0.05,0.32
0,0,0,0,0,0.01
2.1,2.26,0.68,0.08,0.32,0.01
0.61,0.04,0.97,0.15,0.35,0.05
0.35,0.01,0.01,0.27,0.02,0.07
0.07,1.08,0,0.01,0.47,0.01
0.02,0.02,0.12,0.3,0,0.03
0,0,1.13,0,1.73,0.04
0,0,0.63,0,0,1.21
0,0,0,0.03,0.01,0
0.11,0.14,0.25,0.4,0.14,0.71
0,0,0,0,0,0
0,0,0,0,0,0
0,0,0.01,0.02,0,0.07
0,0,0,0,0.01,0.01
0.05,0.04,0.41,0.22,0.11,0.33
0.39,0.36,0.76,0.41,0.56,0.88
0.15,0.14,0.1,0.14,0.19,0.1
0,0.01,0,0,0.54,0
0.03,1,0.02,0.06,1.64,0
1.42,0.17,0,0,0.01,0
0.01,0,0.13,0.19,0.04,0.2
0.46,0.56,1.05,0.84,0.07,0.09
0.2,0.46,0.6,0.41,0.73,0.36
0.18,0.42,0.22,0.35,0.09,0.06
0.01,0.11,0.27,0.44,0.29,0.05
0.19,0.14,0.01,0.48,0.18,1.89
0,0.03,0,0.01,0.03,0.01
0.01,0,0.32,0.11,0.69,1.26
0,0,0.03,0.41,0.02,0
0,0,0.01,0.01,0,0
0,0,0,0,0.01,0
0,0,0,0,0,0
0,0.04,0,0.04,0.16,0.1
0.51,0.05,0.03,0,0.02,0.05
0.04,0.04,0,0.49,0.01,0.09
0.03,0,0.06,0,0,0.01
0,0,0.02,0.02,0,0.24
0.5,0.08,0.68,0.02,0.19,1.07
0.03,0.05,0.56,0.01,0,2.33
0,0.04,0.28,0.38,0.03,0.06
0.46,0.92,0.2,0.01,0.09,1.31
0.01,0.03,0,0.01,0.02,0.01
0.7,0.38,0,0.16,0.31,0.07
0.01,0.01,0.61,1.04,0.03,0
0.03,0.47,0.02,0.01,0.44,0
0,0,0.01,0,0.01,0.01
0,0,0,0,0,0
0,0,0,0,0,0
0,0,0,0,0,0
0,0,0,0,0,0
0,0,0,0,0,0.01
0,0,0,0,0,0
0.14,0.28,0.35,0.6,0.04,0
0.29,0.72,0.43,0.66,0.74,0.64
0.33,0.38,0.33,0.27,0.77,1.04
0,0,0,0,0,0
0,0,0,0.01,0,0
0,0,0,0,0,0
0,0,0,0,0.01,0
0,0,0,0,0,0
0,0,0,0,0,0
0.03,0.02,0.19,0.14,0.14,0.17
0.34,0.26,0.19,0.17,0.16,0.13
1.11,1.52,1.2,2.11,1.25,1.94
0.1,0.14,0.17,0.05,0.11,0.12
0,0,0,0.01,0,0.01
0,0,0,0,0,0
0,0,0,0,0,0
0,0,0,0,0,0.01
0,0,0,0,0,0
0,0,0,0,0,0
0,0,0,0,0,0
0,0,0,0,0,0
1.27,2.61,1.75,2,2.2,2.59
0.84,0.68,0.37,0.4,0.43,0.13
1.09,0.92,0.53,0.55,0.51,0.67
0.57,0.37,0.55,0.44,0.82,0.58
0,0,0,0.01,0.01,0.01
0,0,0,0,0,0
0,0,0,0,0,0
0,0,0,0,0,0
0.01,0,0.05,0.11,0.01,0.03
0,0.01,0.02,0.03,0.01,0.01
0.03,0.03,0.03,0,0,0.03
0,0,0,0.02,0.01,0.03
0.01,0,0,0.01,0.01,0
0,0,0,0,0,0
0,0,0,0,0,0
0,0,0,0,0,0
0,0,0,0,0,0
0.15,0.14,0.1,0.13,0.02,0.05
0.01,0.02,0.06,0.01,0.01,0.01
0,0,0,0,0.01,0
0.02,0.1,0,0,0,0
0.33,0.57,0.17,0.2,0.23,0.46
0,0,0.02,0.01,0,0.09
0.12,0.24,0.11,0.26,0.05,0.07
0.27,0.03,0.43,0.06,0.03,0.04
0,0.01,0.01,0,0.02,0
0.01,0,0,0,0.01,0
0,0,0,0,0,0
0,0,0,0,0,0
0,0,0,0,0,0
0,0,0,0,0,0
0.14,0,0.26,0.1,0,0.18
0,0,0,0,0,0
0,0,0,0,0,0
0,0,0,0.01,0,0
0.03,0.01,0,0,0,0
0,0,0,0,0.01,0
0,0,0,0,0,0
0,0,0,0,0,0
0,0,0,0,0,0
0,0,0.01,0,0,0.01
0,0,0,0,0,0
0.17,0.14,0.06,0.08,3.65,0.25
0,0.06,0.06,0.02,0.38,0.67
0.02,0.08,0,0,0.02,0.02
0,0,0.02,0.16,0.02,0
0.16,0.04,0.03,0.13,0,0.16
0,0,0.16,0.01,0.02,0.05
0,0,0,0,0,0
0,0,0,0,0,0
0,0.01,0,0.04,0,0.05
0,0.01,0.01,0.02,0,0
0,0,0,0,0,0
0,0,0,0,0,0
0,0,0,0,0,0
0,0,0,0,0,0
0.01,0.01,0,0,0,0.01
0.08,0.07,0.3,0.11,0,0
0,0,0,0,0,0
0,0,0,0,0,0.01
0.27,0.36,0.07,0.05,0,0
0,0,0,0,0,0
0,0,0.01,0,0,0
0,0,0,0,0,0
0,0,0,0.01,0,0
0.01,0,0,0,0,0
0,0,0,0,0.01,0.06
0,0,0,0.01,0,0
0,0,0,0,0,0.01
0,0,0,0,0,0
0,0,0,0,0,0
0,0,0,0,0,0
0,0,0,0,0,0
0,0,0,0,0,0
0,0,0.02,0,0,0
0,0,0,0,0,0
0,0,0,0.01,0,0
0,0,0,0,0,0
0,0,0,0,0,0
0,0,0,0,0,0
0,0,0,0,0,0
0,0,0,0,0,0
0,0,0,0,0,0
0,0,0,0,0,0
0,0,0,0,0,0.01
0,0,0,0,0,0
0,0,0,0.01,0,0
0,0,0,0,0,0
0,0,0,0,0.01,0
0.06,0.01,0.03,0.02,0,0.01
0.01,0,0,0.01,0,0.03
0,0,0,0,0,0
0,0,0,0,0,0.03
0,0,0,0,0,0
0,0,0,0,0,0
0,0,0,0,0,0
0,0,0,0,0,0
0,0,0,0,0.01,0
0.01,0,0,0,0.06,0.02
0,0.02,0.04,0.17,0.04,0.11
0,0,0.01,0.01,0,0.01
0.17,0.5,0.37,1.9,0.88,1.78
0.22,0.31,0.33,0.32,0.75,0.26
0,0,0,0,0,0.01
0,0,0.01,0.1,0.01,0.11
0.11,0.13,0.93,1.95,0.43,0.21
0.19,0.23,0.29,0.29,0.32,0.29
0,0,0,0,0,0
0,0,0,0,0.01,0
0,0,0,0,0,0
0,0,0,0,0,0
0,0,0,0,0,0
0,0,0,0,0,0
0,0,0,0,0,0
0,0,0,0,0,0
0,0,0,0,0,0
0,0,0,0.01,0,0
0,0,0,0,0,0
0,0,0,0,0.02,0
0.01,0,0,0,0,0
0.01,0.05,0,0.01,0,0.01
0,0,0,0,0,0
0,0,0,0,0.01,0
0,0,0.01,0.01,0,0
0,0,0,0,0.01,0
0,0,0,0,0,0
0,0,0,0.01,0,0
0.01,0,0,0,0.01,0
0.1,0.13,0.21,0.08,0.11,0.09
0,0,0,0,0,0
0,0,0,0,0,0
0,0,0,0.05,0.01,0
0.65,0.3,1.84,1,0.88,1.33
0.01,0.04,0,0.01,0.67,0.05
0.12,0.52,2.23,0.05,1,0.23
0.19,0.3,1.45,0.62,0.02,0.02
0,0,0.01,0,0,0
0,0,0,0,0,0
0,0,0,0,0,0.01
0.31,0.04,0.06,0,0,0.24
0,0,0,0,0,0
0,0,0,0,0.01,0
0.09,0.07,0,0,0.01,0
0,0,0,0,0,0.08
0.17,0,0,0,0.02,0.01
0,0,0,0,0,0.01
0,0,0,0,0,0
0,0,0,0,0,0
0,0,0,0,0,0
0.01,0,0,0,0,0
0.01,0,0,0,0,0
0,0,0,0,0,0
0,0,0,0,0,0
0,0,0,0,0,0
0,0,0,0,0,0
0.06,0,0.37,0,0.73,0.53
0.01,0,0.01,0,0,0.01
0,0,0,0,0,0
0,0,0,0,0,0
0,0,0,0,0,0
0,0,0,0,0,0.01
0.6,0.66,0.07,0,0.33,0.03
0.01,0,0,0,0.01,0
0,0,0,0,0,0
0,0,0,0,0.01,0
0,0,0,0,0,0
0,0,0,0,0,0
0,0,0,0,0,0
0,0,0.37,0,0.05,0.29
0.07,0.06,0.4,0,0.33,0.6
0,0,0,0,0,0
0,0,0,0,0,0
0,0,0,0,0,0
0,0,0,0,0,0
0.34,0.08,0,0,0.03,0.04
1.98,2.08,2.26,0,1.47,2.93
0.26,0.92,0.18,0,0.22,0.31
0.36,0.24,0.36,0,0.39,0.42
0,0,0,0,0,0
0,0,0,0,0,0
0,0,0,0,0,0
0,0,0,0,0,0
0,0,0,0,0,0.02
0.22,0.2,0.63,0.67,0.06,0.85
0.69,0.73,0.82,0.52,0.94,2.36
0.08,0.15,0.31,0.1,0.19,0.55
0.7,1.74,2.17,0,0.21,0.04
0.18,0.15,0,0,0,0
0,0,0,0,0,0
0,0,0,0,0,0
0,0,0,0,0,0
0,0,0,0,0,0
0.64,0.26,0.31,0,0.56,0.53
0.3,0.36,0.07,0,0.21,0.4
1.13,1,0.7,0.33,0.81,0.42
0.86,1.71,0.72,0.57,2.03,0.72
0.01,0,0.02,0.03,0.02,0.01
0,0,0,0,0,0
0,0,0,0,0.1,0.06
0.03,0.03,0.04,0.1,1.08,0.29
0.65,0.33,2.12,0.69,1.84,0.23
0,0,0.01,0.03,0.01,0.01
0.87,1.07,0.72,0.44,0.6,0.41
0.01,0.02,0,0.01,0.18,0.38
0.21,0.67,0.7,0.16,0.09,0.38
0.01,0.02,0.23,0.08,0.02,0.38
0,0,0.01,0.37,0.02,0.5
0.23,0.45,0.63,0.97,1.25,1.03
0.01,0.09,0.18,0.08,0.01,0.01
0.2,0.16,0.65,0.5,0.34,0.68
0.01,0.01,0,0.03,0.01,0.01
0.01,0.14,0,0.01,0,0
0.02,0.21,0,0.5,0.01,0.03
1.66,2.66,3.16,2.92,0.72,1.74
0.17,0.08,0.31,0.53,0.48,0.05
0.02,0,0,0.11,0.01,0.98
0.1,0.46,0.09,0.17,0.24,0.12
0.22,0.21,0.42,0.58,0.48,0.81
0.03,0.01,0.12,0.05,0.08,0.09
0.01,0,0,0.02,0,0
0,0,0,0.01,0,0
0.47,0.07,0,0.3,0.02,0.01
0.3,0.13,0.22,0.11,0.16,0
0.01,0,0,0.06,0.01,0
0.19,0.23,0.54,1.15,0.63,0.51
0.39,1.01,0.38,0.31,0.84,0.7
0,0,0.01,0.03,0.01,0
0,0,0,0.01,0,0
0,0,0,0,0,0
0.16,0.77,0.19,0.03,0.72,0.08
0.01,0,0.48,0.14,0.55,0.2
0.51,0,0.17,0.22,0.35,0
0,0,0,0.04,0,0
0,0,0,0.01,0.01,0
0,0,0,0.03,0,0
0.1,0.27,0.01,0.03,0.02,0.05
1.08,1.9,1.77,2.33,1.48,1.12
0.09,0.14,0.02,0.02,0,0
0.62,0.37,0.21,0.33,0.27,0.54
0.44,0.49,0.46,0.8,0.71,0.5
0.38,0.3,0.4,1.09,0.35,0.48
0,0,0.01,0.07,0.01,0
0,0,0.02,0,0,0.01
1.04,0.81,0.06,0.09,0.02,0
0.02,0.01,0,0.01,0.01,0
0,0,0,0.02,0,0
0,0,0,0.03,0,0
0,1.16,0,0,0.05,0.01
0,0,0,0,0.01,0
0,0.16,0,0.02,0,0
0.68,0,0.17,0.01,0.01,0.04
1.27,1.5,0.29,0.05,1.11,0
0.01,0.01,0,0,0.01,0.11
0,0,0,0,0,0.1
0,0.14,0,0.18,0,0
0,0.04,0,0.02,0,0
0.06,0.07,0.1,0.17,0.06,0.02
0.6,0.56,0.35,0.31,0.12,0.23
0.28,0.03,0.75,0.09,0.34,0.51
0,0.07,0.01,0.04,0.01,0.22
0.28,0.14,0.24,0.1,0.01,0.02
0.08,0.38,0.09,0.44,0.3,0.13
0.56,1.04,0.91,1.1,1.38,1.07
1.11,0.58,0.19,1.19,1.73,0
0,0,0,0,0.01,0
0,0,0,0,0,0
0,0,0,0,0.01,0
0,0,0,0,0,0.04
0.98,1.53,1.23,1.38,0.38,0.87
0.17,0.16,0.06,0.14,0.17,0.02
1.15,0.23,0.69,0.16,0.83,0.02
0.01,0,0,0,0.01,0
0,0,0,0,0,0
0,0,0,0,0,0
0,0.01,0,0,0.05,0
0,0,0,0,0,0
0.69,0.42,0,0,0.17,0.01
0.07,0.04,0,0,0,0.01
0.03,0.22,0,0.58,0.01,0.82
0.01,0,0,0.12,0.01,0.02
0.09,0.19,0.04,0.12,0,0.1
1.23,0.25,0.18,0.35,2.43,0.01
0.07,0.14,0,0.04,0.01,0
0.92,0.56,1.2,0.54,0.83,1.01
0.01,0,0.01,0.01,0.09,0
0,0,0,0,0,0
0,0,0,0.05,0,0
0,0,0.03,0.19,0.59,0.17
1.27,0.64,2.67,0.71,2,0.65
0.06,0.07,0.03,0.12,0.13,0.04
0.07,0.32,0,0.01,0.63,0.01
0.01,0,0.4,1.43,0.59,0.08
0.01,0.03,1.49,0.23,0.03,0.06
1.34,0.56,0,0.03,0,0
0,0,2.09,0.84,0.01,0.48
0.03,0,0.01,0,0,0.06
0.13,0.11,0,0,0.01,0
0.2,0.04,0.8,0.5,0.27,0.17
0.54,1.21,0.06,0,0.2,0.05
0.02,0.01,0.29,0.15,0.74,0.54
0,0,0.01,0.01,0,0
0.54,0.11,0.61,0.85,0.34,0.29
0.13,0.02,0.15,0.15,0.08,0.24
6.07,5.14,5.16,5.43,5.5,4.74
4.77,2.75,5.98,3.02,2.69,3.91
0.17,0.09,0.01,2.6,0.01,0.08
0.17,0.78,0,0.01,0.41,0
0.01,0,0,0,0.01,0
0.35,0.83,0,0.04,0,0
0,0,0,0,0,0.03
0,0,0,0,0,0
0.06,0,0.03,0,0.01,0
0,0.1,0.71,0.05,0.16,0.04
0.38,0.05,0.01,0.35,0.03,0.09
0.01,0.11,0.02,0.01,0.12,0.08
0,0,0,0.11,0,0.01
0,0.04,0,0,0,0
0,0,0,0,0,0
0.05,0.26,0.11,0.16,0.09,0.11
0.2,0.58,1.42,1.74,0.9,0.01
0.24,0.03,0.96,2,0.32,0.54
0.08,0.06,0.24,0.34,0.14,0.02
0.02,0.02,0.27,0.19,0.01,0
0.5,0.02,0.17,1.35,0,0.13
0.91,0.46,0.15,1.53,0.26,0
0.37,0.05,0.07,0.53,0.14,0
1.13,1.05,0.1,0.21,0.11,0.03
0.09,1.82,1.09,0.06,0.12,0.49
0.01,0.02,0,0.04,0.02,0.37
0.22,0.05,0.47,0.69,0.39,0.2
1.09,1.28,0.71,0.42,0.81,1.34
0.01,0,0,0.02,0.05,0.02
0,0,0,0.01,0.01,0
0.03,0.01,0.01,0.02,0,0
0,0,0,0,0,0
0,0.06,0,0.01,1.05,0
0,0.54,0,0,0.16,0
0.44,0.12,0,0,0.01,0
0.01,0.01,0,0,0,0
0.33,0.2,1.39,0.71,0.61,0.83
0.47,0.28,0.71,1.65,0.8,0.94
0.01,0,0,0,0,0.01
0,0,0,0,0,0
0.16,0.01,0.02,0.02,0.01,0
1.73,0.94,0.37,0.06,0.53,0.04
0.3,0.62,0.08,0.09,0.11,0.04
0.01,0.01,0.02,0.03,0.01,0
0,0.42,0.01,0,0.01,0
0.01,0.01,0,0.03,0.1,0
0,0,0,0.01,0.01,0
0,0,0,0,0,0
0,0,0,0.03,0,0.06
0.04,0.19,0.07,0.04,0.19,0
0.01,0.01,0,0.03,0,0
0,0,0,0,0.01,0
2.08,2.54,2.6,2.7,2.98,0.64
0.03,0,0.46,0.14,0.01,0.06
0.12,0.1,0,0.01,0.08,0.01
0,0,0,0,0.02,0
0,0,0,0,0,0
0,0,0,0,0,0
0.02,0.01,0,0.1,0.01,0.04
0.07,0.18,0.34,0.42,0.21,0.28
0.41,0.47,0.28,0.4,0.44,0.57
0.31,0.63,0.89,1.25,0.34,0.6
0,0,0,0,0,0
0,0,0,0,0,0
0,0,0,0,0,0
0,0,0,0,0,0
0,0,0,0,0,0
0,0,0,0,0,0
0,0,0,0,0.01,0
0,0,0,0,0,0
0,0,0,0,0,0
0,0,0,0,0,0
0,0,0,0,0.01,0
0,0,0,0,0,0
0,0,0,0,0,0
0,0,0,0,0,0
0,0,0,0,0,0
0,0,0,0,0.03,0.14
0,0,0,0,0.07,0.54
0,0.01,0,0,0,0
0.25,0.12,0,0,0,0
0.01,0.01,0.65,0.01,0.03,0
0,0,0,0.01,0,0.36
0,0,0.05,0.27,0.01,0.01
0,0,0,0,0,0
0,0,0,0,0,0
0,0,0,0,0,0
0,0,0,0,0,0
0,0,0,0,0,0
0,0,0,0,0,0
0,0,0,0,0,0.01
0,0,0,0,0.01,0
0,0,0,0,0,0
0.11,0.02,0,0,0,0
0.01,0,0,0,0,0
0.07,0.06,0.02,0.23,0.04,0
0,0.01,0,0,0,0
0,0,0.04,0,0.01,0
0,0,0,0,0,0
0,0,0,0,0.01,0
0,0,0,0,0,0
0,0,0,0,0,0.01
0,0,0.01,0.02,0.06,0.05
0,0.01,0,0.02,0.01,0.05
0.01,0,0,0,0.01,0
0.01,0,0,0,0,0
0,0,0,0.01,0,0
0.94,0.28,0.08,0.71,0.08,0.09
0,0,0,0.01,0.01,0.01
0.14,0.16,0,0,0,0
0.04,0.01,0.06,0.04,0.02,0.02
0.01,0.01,0.11,0.07,0.1,0.01
0,0,0,0.01,0,0
0.01,0,0.01,0,0.01,0
0,0.01,0.23,0.01,0.01,0.01
0,0,0,0,0,0
0,0,0,0.01,0.01,0
0,0,0,0,0,0
0,0,0,0,0,0
0,0,0,0,0,0
0,0,0,0,0,0
0,0,0,0,0,0
0.09,0.09,0.01,0,0.01,0.14
0,0,0,0,0.01,0
0,0,0,0,0,0.01
0.01,0,0.01,0,0.01,0
0,0,0,0,0,0
0,0,0,0,0,0
0,0,0,0,0,0
0,0,0,0,0,0
0,0,0,0,0,0
0,0,0,0,0,0
0.01,0,0.01,0.01,0,0.13
0.01,0.01,0.02,0.04,0.02,0.02
0.12,0.02,0.05,0.11,0,0.02
0.13,0.04,0.03,0.3,0.01,0.08
0.14,0.01,0,0,0.01,0.01
0.01,0,0,0.01,0,0
0.14,0.02,0,0,0,0
0.01,0,0.01,0.01,0.04,0.01
0,0,0,0,0.01,0.01
0,0,0,0,0,0
0,0,0,0,0.01,0
0.01,0,0.01,0,0.01,0.01
0,0,0,0.01,0,0
0,0,0,0,0,0
0.01,0.02,0.04,0.2,0.05,0.11
0.01,0.01,0.01,0.01,0,0.08
0,0,0,0.01,0.01,0.01
0,0,0,0,0,0
0,0,0,0,0,0
0,0,0,0,0,0
0,0,0,0,0,0
0,0,0,0,0,0
0,0,0,0,0,0
0,0,0,0,0.01,0
0,0,0,0,0,0
0,0,0,0,0,0
0.01,0,0.02,0.02,0.01,0
0,0,0,0,0,0
0,0,0,0,0.01,0
0,0,0,0,0,0
0,0,0,0,0,0
0,0,0,0,0,0
0,0.07,0,0.01,0,0
0,0,0,0,0.01,0
0,0,0,0,0,0
0,0,0,0,0,0
0.01,0,0,0,0.01,0.03
0.01,0,0,0,0.01,0.01
0,0,0,0.01,0,0.01
0.01,0,0,0,0.01,0
1.67,2.18,2.11,2.75,1.81,1.12
0.11,0.11,0.16,0.29,0.13,0.29
0.01,0,0.02,0.01,0.02,0
0,0,0,0,0,0
0,0,0,0,0,0
0,0.04,0,0,0,0.23
0,0.01,0.05,0.01,0.01,0.01
0.01,0,0,0,0.01,0
0,0,0,0,0,0
0,0,0.32,0.27,0.12,0
0,0,0.01,0,0.01,0.01
0.65,0.28,0,0,0.01,0.13
0.01,0.01,0.01,0.01,0.01,0.01
0.18,0.23,1.06,0.74,0.83,0.62
0,0,0,0,0,0
0,0,0,0,0,0
0,0,0,0,0,0
0,0,0,0,0,0.02
0,0,0,0,0,0
0,0,0,0,0.01,0
0,0,0,0.01,0,0.01
0,0,0,0,0,0
0,0,0,0,0,0
0,0,0,0,0,0
0,0,0,0,0,0
0,0,0,0,0,0
0,0,0,0,0,0.01
0,0,0,0,0,0.01
0,0,0,0,0,0
0,0,0,0,0,0
0,0,0,0,0,0
0,0,0,0,0,0
0.81,1.09,1.43,0.38,1.67,0.36
0,0.01,0,0,0,0.01
0.02,0.01,0,0.01,0.02,0.01
0,0.01,0,0,0,0
0,0,0,0.01,0.08,0
0.01,0.01,0.02,0.02,0.07,0.07
0.59,0.49,0.16,0.12,0.13,0.06
0,0,0,0,0,0.01
0,0,0,0,0,0
0,0,0,0,0,0
0,0,0,0,0,0
0,0,0,0,0,0
0,0,0,0,0,0
0,0,0,0,0,0
0,0,0,0,0.01,0.02
0,0,0,0,0,0.01
0,0,0,0,0,0
0.62,0.56,0.3,0.45,0.33,0.79
0.19,0.22,0.26,0.38,0.35,0.45
0,0,0,0.01,0,0
0,0,0,0,0,0
0,0,0,0,0,0
0,0,0.01,0.02,0,0
0,0,0.01,0,0,0.01
0,0,0,0,0,0.01
0.36,0.13,0.95,0.01,0.05,0.36
0.12,0.01,0.97,0.21,1.36,0.69
0,0,0,0,0.01,0
1.8,2.59,2.43,2.03,1.8,0.67
0,0.23,0,0.01,0.01,0.01
0,0,0,0,0,0
0,0,0,0,0.01,0
0,0,0,0,0,0.07
0,0.04,0.62,0.62,0.02,0.19
0.2,0.57,0.01,0.01,0.01,0.02
0,0.03,0,0.04,0.07,3.35
0,0,0,0,0.01,0.01
0,0,0,0,0.01,0
0,0,0,0,0,0
0,0,0,0,0,0
0,0,0,0,0,0
0,0,0,0,0,0
0,0.01,0,0,0.02,0
0.09,0.05,1.02,0.35,0.01,0.15
1.08,0.97,0.7,0.34,0.75,0.34
0.58,0.59,1.04,2.93,0.67,1.25
0.4,0.1,0.53,0.38,1,1.16
0.01,0.01,0.01,0,0.01,0.01
0,0,0,0,0,0
0.01,0,0,0,0,0
0,0,0,0,0,0
0,0,0,0,0,0
0,0,0,0.02,0.25,0
0.03,0.23,0.06,0.01,0.52,0
0.04,0.1,0.06,0.87,0.05,0.07
0.51,0.68,1.36,0.72,0.24,0.13
0.01,0,0.01,0.01,0.01,0
0,0,0,0,0,0
0,0,0,0,0,0.01
0,0,0,0,0,0
0,0,0,0,0,0
0.05,0.08,0,0.36,0.1,0
0,0,0,0,0,0
0.73,0.06,0,0.78,0,0.99
0.02,0.09,0,0.27,0.01,0.49
0.28,0.02,1.42,1.43,0.37,2.22
0,0.01,0,0.02,0.01,0
0.01,0,0,0,0,0.35
0,0,0,0,0,0
0,0,0,0,0,0
0,0,0.13,0.11,0,0.58
0.09,0.26,0.28,0.06,0.48,0.48
1.35,1.53,2.42,2.27,1.2,3.13
0.45,0.17,0.05,0.1,0.32,0.71
0.42,0.26,0.31,0.16,1.16,0.39
0.49,0.16,0.37,0.61,0.99,2.43
1.9,0.04,0.06,0.01,0.4,0
0.26,0.19,0,0.78,0.03,0.01
0.03,0.01,0.03,0.04,0.02,0.27
0.11,0.15,0.04,0.02,0.34,0.02
2.46,1.75,2.34,1.35,2.67,1.14
0.95,1.11,2.54,0.59,2.29,5.48
1.34,1.51,1.05,0.72,0.48,1.29
0,0.01,0,0,0.01,0
0,0.03,0.01,0,0,0
0,0,0.26,0.88,0.14,0.13
0.66,0.57,0.01,0.93,0.01,1
0.06,0,0,0.01,0.09,0.01
0.38,0.32,0,0,0,0
0,0,0,0,0,0.01
0,0,0,0,0,0
0,0,0,0,0,0
0,0,0,0,0,0
0,0.14,0,0,0.39,0.1
0.12,0.39,0,0,0.41,0.35
0,0,0.2,0,0.01,0.16
0,0.01,0,0.07,0,0
0,0,0,0.04,0,0.06
0,0,0,0.07,0,0.38
0.01,0.13,0,0.02,0,0.47
0,0.02,0,0.1,0,0
0.65,0.21,0.85,0.17,0,0.02
1,1.04,1.81,1.17,0.06,0.38
0.05,0.23,0.05,0.81,1.12,1.74
0.6,0.9,1.79,0.56,1.13,0.25
0.26,0.21,0.46,0,0.92,0.69
1.12,0.53,0,0.01,0.23,0.08
0.07,0.07,0.09,0.15,0.22,0.26
0.01,0.05,0.09,0.04,0.11,0.13
1.52,0.99,1.13,1.94,0.47,0.25
0,0,0,0.04,0.03,0
0,0,0,0,0.01,0.01
0,0,0,0,0,0
0.66,0.12,0.26,0.48,0.14,0.06
0.03,0.39,0.37,0.07,0.25,0.04
0.46,1.69,0.37,0,1.6,0
0.14,1.85,0.05,0.11,0.37,0.01
1.23,2.09,0.53,0.68,1.96,1.26
4.76,4.05,0.67,0.31,5.95,1.23
0.14,1.05,0.03,0.05,0.12,0.02
1.3,0.18,0.26,0.61,0.01,0.05
0.19,0.7,0.27,0.35,0.3,0.83
0.17,0.13,0.44,0.82,0.11,1.35
0,0,0,0.01,0.01,0.01
0.02,0,0.44,0.26,0,0.27
0,0.01,0.16,2.11,0,0.98
0,0,0,0,0,0.01
0.01,0,0,0.01,0,0
0.01,0,0,0,0,0.37
0,0,0,0,0,0
0,0.31,0,0.34,0,0
0.02,0.35,2.25,1,3.71,1.16
0.01,0,0.4,0.87,0.03,0.2
0.28,0.27,0,0.01,0.01,0
0,0,0.13,0.29,1.49,1.9
0,0,0,0,0,0
0,0,0,0,0,0
0,0,0,0,0.07,0.01
0.04,0.06,0.38,0.25,0.36,0.16
0.92,0.55,0,0.01,0.03,0.01
0.03,0.05,0.1,0.13,0.22,0.08
0.31,0,0.91,0.01,0.05,0.1
0.58,0.04,0.15,0,0.25,0.15
0.02,0.02,0,0.02,0.01,0.09
0,0.02,0.06,0.08,0.02,0.02
0,0,0,0,0.01,0.01
0,0,0,0,0,0
0,0,0,0,0,0
0,0,0,0,0,0
0,0,0,0,0,0
0.01,0,0.29,0.52,0.01,0
0,0,0,0.01,0,0
0,0,0,0,0,0
0,0,0,0.07,0.16,0.06
0,0,0.01,0.01,0.02,0
0,0,0,0.03,0,0.01
0.18,0.16,0.01,0.07,0.11,0.48
0.01,0,0.02,0.06,0.56,0.05
0.06,0.1,0,0,0,0.04
0.56,0.2,0.41,0.33,0.47,0.23
0,0.01,0.23,0.39,0.3,0.28
0.9,1.81,0.7,1.22,0.04,0.05
0.12,0.09,0.03,0.03,0.02,0.01
0.8,2.85,0.34,0.15,0.34,0.17
0.01,0.01,0,0,0,0
0.01,0,0,0,0,0
0,0,0.03,0.07,0.01,0.14
0,0.01,0.01,0.01,0.01,0.03
0.04,0.06,0.35,1.11,0.03,0.05
1.54,0.3,0.01,0.01,0.34,0.01
0,0,0,0,0.01,0.23
0,0,0,0,0,0.01
0.01,0,0,0.21,0,0
2.64,1.28,0.26,0.22,0.3,2.03
0.17,1,0.14,0.34,0,0.15
0.15,0.22,0,0.08,0,0.17
0.09,0,0,0.01,0.02,0.22
0.08,0.16,0.43,1.32,0.01,0.22
0,0,0,0.01,0,0.01
0.01,0,0,0,0,0
0,0,0,0,0,0
0.58,0.05,0.49,0.17,0.26,0.9
1.08,0.32,0.31,0.47,0.18,0.31
0.38,0.52,0.03,0.39,0.01,0.5
0.15,0.4,0.21,0.77,0.12,0.16
0,0,0.14,0.49,0.31,0.23
0,0,0.01,0.01,0.01,0.01
0,0,0,0,0,0.03
0,0.01,0,0,0,0
0.07,0.34,0.63,0.53,0.03,0.96
1.42,0.48,1,0.19,0.47,0.24
0.01,0,0.14,0.02,0.04,0
0.34,0.46,0.27,0.12,0.36,0.2
0,0,0.01,0.18,0.02,0.01
0,0.07,0.55,0.29,0.6,0.02
0,0,0.01,0.01,0.01,0
0,0,0,0,0,0
0,0,0,0,0,0
0,0,0,0,0,0.01
0,0,0,0,0,0
0,0,0,0,0,0
0,0,0,0,0,0
0.15,0,0,0.01,0,0.01
0.94,0.96,1.01,0.88,0.49,0.72
0.01,0,0.01,0.03,0.01,0.01
0,0.07,0.04,0,0.03,0.02
0,0.01,0,0,0.01,0
0,0,0,0,0,0
0,0,0,0,0,0
0,0,0,0,0,0
0,0,0,0.01,0,0
0,0,0,0,0.01,0
0,0,0,0.01,0,0
0,0,0,0,0,0
0,0,0,0,0,0
0,0.04,0,0,0.17,0
0.03,0,0.18,0.13,0.01,0
0.01,0,0.09,0.02,0.03,0
0,0,0.01,0,0.01,0
0,0,0,0.01,0,0
0,0,0,0,0,0
0,0,0,0,0,0
0,0,0,0,0,0
0,0,0,0,0,0
0,0,0,0,0,0
0,0.04,0,0.01,0,0
0,0.01,0,0.02,0,0
0,0,0.03,0,0,0
0,0,0,0,0.01,0
0,0,0,0,0,0
0,0,0,0,0,0
0,0,0,0.04,0,0.01
0,0,0,0,0,0
0,0,0,0.01,0,0
0,0,0,0.03,0,0
0.49,0.42,0.46,0.37,0.29,0.27
0.04,0.05,0.16,0.18,0.15,1.03
0,0,0,0.03,0.01,0.02
0,0,0,0.02,0,0
0,0,0,0,0,0
0,0,0,0,0,0
0,0,0,0,0,0
0,0,0,0,0,0
0.21,0.2,0.06,0.08,0.09,0.02
0,0,0,0.05,0,0
0.04,0,0,0.02,0,0
0,0,0,0.03,0,0
0.25,0,0,0.01,0.65,0.12
1.59,0.74,0.01,0.61,0.25,0.34
0.01,0,0.01,0,0,0
0,0,0,0,0,0
0.03,0.02,0,0.04,0.05,0
0,0,0,0.02,0,0.05
0.16,0.15,0.09,0.17,0.29,0.07
0.41,0.64,0.66,0.63,0.58,0.89
0,0,0,0,0,0
0,0,0,0,0,0
0.02,0.02,0.18,0.04,0.12,0.11
0.04,0,1.85,0.48,0.13,0.33
0,0,0,0.01,0,0.01
0,0.01,0.01,0,0.01,0
0,0,0,0,0,0
0,0,0,0,0.01,0
0.01,0,0,0,0,0
0,0.01,0.02,0.06,0.01,0.01
0,0,0,0,0.01,0.04
0,0,0,0,0,0
0,0,0,0,0,0
0.01,0,0,0.01,0.01,0
0,0.01,0.01,0,0,0
0,0,0,0,0,0
0.01,0.06,0.02,0.01,0,0
0.01,0,0,0,0.01,0
0,0,0,0,0,0
0,0,0,0.01,0,0
0,0,0,0,0,0
0,0,0,0,0,0
0,0,0,0,0.01,0
0,0,0,0,0,0
0,0,0,0,0,0
0,0,0,0,0.01,0
0,0,0.02,0,0.01,0
0,0,0,0,0,0.03
0,0,0,0,0,0.02
0.01,0,0,0.01,0,0
0.01,0,0.02,0.02,0,0
0,0,0,0.02,0,0
0.01,0,0,0.03,0.01,0.02
0,0,0,0,0,0
0,0,0.04,0.28,0,0.03
0.01,0,0.02,0.01,0.01,0.01
0,0,0,0,0,0.05
0.09,0.1,0.02,0.03,0.05,0.02
0.1,0.02,0.6,0.47,0.24,0.01
0,0.01,0.01,0.01,0.02,0
0,0,0,0.01,0,0
0.02,0.01,0.05,0.08,0.07,0.05
0.19,0.14,0.09,0.23,0.18,0
0.21,0.73,0.28,2.35,0.26,0
0.01,0.01,0,0.01,0.01,0.01
0,0,0,0,0,0
0,0,0,0,0,0
0.02,0,0.02,0.01,0.04,0
0.22,0.24,0.23,0.05,0.3,0.16
0,0,0,0.01,0,0
0,0,0,0,0,0
0,0,0,0,0,0
0,0,0,0,0,0
0,0,0,0,0,0
0,0,0,0,0,0
0,0,0,0.01,0,0
0,0,0,0,0,0
0,0,0,0,0,0
0,0,0,0,0,0
0,0,0,0,0,0
0,0,0,0,0,0
0,0,0,0,0.01,0
0.13,0.11,0.14,0.41,0.06,0.56
2.48,2.84,2.78,1.09,3.33,0.54
0.14,0.16,0.34,0.82,0.16,0.32
0.01,0,0,0.01,0.01,0.01
0,0.01,0,0.08,0.01,0.01
0.51,0,0,0,0.5,0.07
0,0,0,0,0,0.18
0.55,0.06,0,0.36,0,0.89
0,0,0.01,0.03,0,0
0.01,0,0.01,0,0,0
0,0,0,0.01,0,0.01
0,0,0,0,0,0
0,0,0,0,0,0
0,0,0,0,0,0
0.25,0.31,0.43,0.37,0.49,0.5
0.08,0,0.01,0.02,0.01,0.03
0,0,0,0,0,0
0,0,0,0,0,0
0,0,0,0,0.01,0
0,0,0,0,0,0
0,0,0,0,0,0
0,0,0,0,0.01,0
0,0,0,0,0.01,0
0,0,0,0,0,0
1.72,0.99,0.42,0.38,1.1,0.54
0.1,0.09,0.01,0.06,0.01,0.01
0,0,0,0.01,0.01,0
0,0,0,0,0,0.01
0,0,0,0,0,0
0.02,0,0.02,0.03,0.02,0.1
0.13,0.17,0.12,0.12,0.16,0.12
0,0,0.01,0,0,0.01
0.01,0,0,0.01,0.01,0
0,0,0,0,0,0
0,0,0,0,0,0
0.15,0.16,0,0,0.01,0
0.17,0.26,0.39,0.58,0.35,0.5
0,0,0,0.01,0,0
0,0,0,0,0,0
0.01,0,0,0,0.01,0.01
0,0,0,0,0,0
0,0,0,0,0,0
0.04,0,0,0,0,0
0,0,0,0.01,0,0
0,0,0,0,0,0
0,0,0,0,0,0
0,0,0,0,0,0
0,0,0,0,0.03,0
0.31,0.36,0.14,0.23,0.23,0.2
0,0,0,0,0.01,0
0,0,0,0,0,0
0,0,0,0,0,0
0,0,0,0.08,0,0.06
0,0,0,0.01,0,0
0.91,0.85,0.47,0.4,0.52,0.47
0.77,0.32,0.24,0.26,0.5,0.4
0,0,0,0,0,0
0,0,0,0,0,0
0,0,0,0,0,0
0.06,0.13,0.34,0.25,0.15,0.32
0,0,0,0.01,0.01,0
0,0.01,0,0,0,0
0,0,0,0.01,0,0
0,0,0,0,0.01,0
0,0,0,0,0,0
0,0,0,0,0.01,0
0,0,0,0,0,0
0,0,0,0,0,0
0.02,0.02,0.02,0,0.01,0
0.14,0.1,0.09,0.04,0.04,0
0,0,0,0,0,0
0,0,0,0,0,0
0,0.03,0,0.01,0.03,0
0,0.01,0,0,0,0
0.03,0.28,0.41,0.35,2.25,1.35
0,0.01,0,0,0.01,0
0.06,0.15,0.01,0,0.01,0.05
0,0,0,0,0,0
0.02,0.14,0.36,0.5,0.32,0.65
0.14,0.43,0.32,0.48,0.14,0
0.29,0.12,0.11,0.07,0.1,0.09
0,0,0,0,0,0
0,0,0,0,0,0
0,0,0,0,0,0
0,0,0,0,0,0.01
0,0,0,0,0,0.01
0,0,0,0,0,0
0,0,0,0,0,0
0,0,0,0,0,0
0,0,0,0,0,0
0,0,0,0,0,0
0,0,0,0,0,0
0.08,0.05,0.05,0.01,0.05,0
0.13,0.11,0.01,0.01,0,0
0.28,0.28,0.19,0.06,0.16,0.03
0,0.01,0,0.01,0,0
0,0,0,0,0,0
0,0,0,0,0,0
0,0,0,0,0.01,0
0,0,0,0,0,0
0,0,0,0,0,0
0,0,0,0,0,0
0,0,0,0,0,0
0,0,0.07,0.12,0.34,0
0.29,0.1,0.1,0.24,0.13,0.22
0.05,0.03,0.19,0.67,0.13,0.34
1.27,1.85,0.56,0.77,0.71,0.97
0.01,0,0,0.01,0,0
0,0,0,0,0,0
0,0,0,0,0,0
0,0,0,0,0,0
0,0,0,0,0,0
0,0,0,0,0,0
0,0,0,0,0,0
0,0,0,0,0,0
0,0,0,0,0,0
0,0,0,0,0,0
0,0,0,0,0,0
0,0,0,0,0,0
0,0,0.02,0,0.01,0
0.23,0,0.03,0.98,0.03,0
0,0,0.01,0,0,0
0.38,0.29,0,0,0.12,0.4
0.03,0.05,0,0.11,0.09,0.15
0.05,0.08,2.03,0.98,0.68,0.27
0,0,0,0,0,0
0,0.01,0,0,0,0
0,0,0,0,0,0
0,0,0,0,0,0
0,0,0,0,0,0.99
0.42,0.57,0.04,0.06,0.02,0
0,0,0.01,0,0.43,0.01
0.26,0.66,0.42,0.78,0.63,0.29
0.09,0.11,0.69,0.79,0.23,0.58
0.99,0.28,1.06,0.47,2.75,0.6
0.34,0.48,0.61,2.53,0.28,0.5
1.29,0.13,0.41,0.02,0.12,0
0.01,0.02,0.09,0.06,0.05,0
0.01,0.01,0.01,0.01,0.01,0
0.19,0.07,1.23,0.76,0.64,0.19
1.87,1.3,2.05,0.8,0.68,0.25
0.01,0.02,0.29,0.44,0.09,0.79
0.01,0,0,0.01,0.01,0.02
0.69,0.82,1.44,0.62,0.02,0.56
0.03,0.45,0,0.17,0.01,0
0.09,0.42,0.09,0,0.91,0
0.01,0,0,0,0,0
0.33,0.84,0.07,0,0.86,0.12
0.2,0.37,0.01,0.01,0.72,0
0.08,0,0,0.03,0.01,0
0.01,0,0,0.44,0,0
0.13,0.06,0.01,0.03,0,0
0.14,0.11,0.09,0.08,0.11,0
0.01,0.01,0.08,0.03,0,0
0,0,0,0,0,0.76
0.03,0.03,0,0,0,0
0.67,0.09,1.56,1.05,1.94,1.53
0.06,1.24,0.54,0.18,0.14,0.02
1.45,0.09,1.15,0.1,0.01,1.37
0.03,0.03,0.19,0.65,0.38,0.24
1.25,1.03,0.14,0.05,1.29,0.24
0,0,0.02,0.01,2.11,0.4
0.59,0.29,0.47,1.22,0.09,1.12
0,0,0,0.01,0,0.07
0.03,0.01,0,0.07,0.42,0.33
0.13,1.22,0,0.05,0.18,0.09
0.02,0.58,0.04,0.42,0,1.15
0.41,0.32,0.13,1.21,0.77,1.01
0.43,0.07,0.15,0.32,0.06,0.85
0.35,0.72,1.19,0.71,0.79,0.2
0.01,0,0,0.01,0.01,0.01
1.02,0,0.21,0,0,0
0,1.29,0,0,1.01,0
0.03,0.34,0,0.42,2.04,0.83
0.08,0.26,0,0.49,0.54,0.03
0.34,0.1,0.48,0.39,0.11,0.31
0.27,0.02,0,0.67,0.01,0.01
0,0.01,0,0,0,0
0,0.05,0,0,0.02,0
0,0,0,0.02,0,0.8
0,0.01,0,0,0,0
0.02,0.16,0.02,0.01,0.08,0
0.07,0.04,0.26,0.02,0,0.32
3.12,1.37,0.07,0.1,0.05,0.72
0.18,0.01,0,0.04,0.66,0.01
0.13,0.01,0.12,0.01,0.01,0.85
1.27,1.23,2.17,0.35,0.45,2.06
0.2,0.73,0.28,0.39,0.34,0.83
0.02,0.75,0.01,0.08,0.16,0.01
0,0.04,0.01,0.01,0,0
0.21,0.97,1.06,0.28,0.44,0.7
0.14,0.05,0,0.03,0.01,0.02
0,0.01,0,0,0,0
0,0,0,0,0,0
0,0.3,0,0,0,0
0.11,0,0,0.28,0.01,0.24
0.29,0.01,0.01,0.07,0.09,0.44
0.35,0.05,0,0.61,0,0.01
1.92,2.19,0.53,1,0.42,0.8
0.07,0,0.14,1.46,0,0.88
0,0.07,0.01,0.01,0.1,0.14
0,0,0,0,0.15,0.01
0,0,0,0,0,0
0.11,0.11,0,0.11,0,0.32
0,0.18,0.03,0.5,0,0.21
0,0.05,0,0.02,0.04,0.01
0,0.02,0.3,0,0,0
0,0,0,0,0,0
0.33,0.34,0.18,0.72,0.05,0.48
0.01,0,0,0.01,0,0.01
0,0,0,0,0,0
0.11,0.18,0,0.49,0.07,0
0.14,0.02,0.01,0,0,0
0.02,0.01,0,0,0,0
0,0,0.13,0,0,0
0,0,0,0,0,0
0.45,0.6,0,0.06,0.05,0.26
1.53,0.82,0,0.08,0,0.12
0,0.06,0.24,0.78,0.02,0
0.21,0.76,0.2,0.01,0.09,0.06
0.03,0.14,1.8,1.11,0.01,1.25
0.23,0.01,0.22,0.21,0,0.15
0.05,0.01,0.07,0,0,0.03
0,0,0,0,0,0.17
0.13,0.01,0,0.03,0,0
0.96,1.4,0.7,1.61,0.7,1.19
0.17,0.44,4.12,4.22,2.83,2.63
0.59,0.87,1.08,0.13,0.15,0.69
1.62,1.91,0.23,0.19,0.01,1.15
0,0,0,0.01,0,0.02
0.58,1.19,0,0.05,0.01,0
0.01,0,0,0.02,0.01,1.43
0.63,0.1,0.24,0,1.12,1.13
0.12,0.2,0.28,0.15,0.21,0.37
0.07,0.06,0.04,0.02,0.3,0.14
0.6,0.5,0.2,1.22,0.25,0.01
0.49,0.76,0.14,0.01,0.51,0.03
0.07,0.15,0.03,0.02,0.01,0.09
0.01,0.01,0.01,0.11,0,0.11
0.26,0.35,0.75,0.11,0.08,0.9
0.05,0.05,0.19,0.31,0.16,0.2
0.07,0.08,0.69,0.15,0.33,0.18
0,0.01,0,0.06,0.05,0.01
2.91,4.4,1.42,0.57,2.13,1.52
0.35,0.23,0.16,0.67,0.02,0.3
0.23,0.4,0.18,0.15,0.56,0.02
0.01,0,0.01,0,0,0.01
1.37,1.06,0.94,1.8,0.71,0.66
0,0,0.24,0.03,0.3,0.57
0,0,0,0,0.01,0
0,0,0,0,0,0
0.01,0.04,0,0,0,0
0.04,0.28,0,0,0,0
0.01,0.01,0,0,0,0
0,0.02,0.02,0,0,0
0,0,0,0,0.01,0
0,0,0,0,0,0
0,0.02,0,0,0.51,0.06
0.15,0.04,0,0.06,0.02,0.17
0.76,0.6,0.06,0.08,0.4,0.86
0.01,0,0,0.02,0,0
0,0,0,0,0,0
0,0,0,0,0,0
0,0,0,0,0,0
0,0,0,0,0.01,0.11
1.47,1.51,0.98,1.51,0.35,0.01
0,0,0,0.02,0.01,0
0.02,0.04,1.04,1.26,0.15,0.73
0,0,0,0.01,0,0
0,0,0,0.01,0,0
0,0,0,0,0,0
0,0,0,0.03,0.01,0
0,0,0,0.04,0,0
0,0,0,0.01,0,0
0,0,0,0.01,0,0
0,0.08,0,0.02,0.02,0.09
0,0,0,0,0.01,0
0,0,0,0,0,0
0,0,0,0,0,0
0,0,0,0,0,0
0,0,0,0,0,0
0,0,0,0,0.01,0.01
0,0,0,0.01,0,0
0.14,0.09,0,0,0,0
0.64,0.75,0.7,0.56,0.56,0.9
0.38,0.53,0.22,0.24,0.36,0.27
0.01,0,0,0.01,0.01,0
0,0,0,0.01,0,0
0,0.01,0,0.02,0,0
0,0,0,0.01,0.01,0
0,0,0,0,0,0
0,0,0,0,0.01,0
0.02,0.01,0.04,0.03,0,0.03
0.09,0.2,0.18,0.14,0.19,0.13
0.06,0.08,0.14,0.12,0.09,0.06
0,0,0,0,0,0
0.06,0.07,0.24,0.23,0.07,0.07
0.18,0.2,0.3,0.12,0.2,0.26
0.02,0.02,0.03,0.06,0.01,0.01
0,0,0,0.01,0,0
0.01,0,0,0,0,0
0.15,0.19,0.11,0.16,0.16,0.04
0,0,0,0,0.01,0
0,0,0,0,0,0
0,0,0,0,0,0
0,0,0,0.01,0,0.01
0.01,0,0.08,0.16,0.07,0.05
0.01,0,0,0.01,0.01,0.27
0.07,0.08,0.14,0.01,0.09,0.02
0.04,0.03,0.04,0.03,0.08,0.23
0,0.01,0.01,0.01,0.16,0.39
0.01,0,0,0,0,0.01
0,0,0,0,0,0
0,0,0,0.02,0.01,0
0.01,0,0,0.02,0,0
0,0,0,0,0.01,0
0,0,0,0.01,0,0
0,0,0,0,0,0
0,0,0,0.01,0.01,0.01
0,0,0,0.02,0,0
0,0,0,0.04,0,0
0,0,0,0.01,0,0
0,0,0,0.02,0,0
0,0,0,0.01,0,0
0,0,0,0.02,0,0
0,0,0,0,0.01,0
0,0,0,0.05,0,0
0,0,0,0,0,0
0,0,0,0,0.01,0
0,0,0.17,0.84,0.06,0.02
0.85,0.76,0.18,0.24,0.38,0.03
0.01,0,0.21,0.14,0.01,0.23
0.01,0,0.01,0.01,0,0
0,0,0,0,0.01,0.01
0.01,0,0,0.01,0,0.01
0,0,0,0,0,0
0.06,0.04,0.23,0.24,0.04,0.09
0.02,0.02,0.03,0.26,0.07,0.34
0.01,0,0.77,0.12,0.03,0.28
0,0,0,0.02,0.01,0
0,0.01,0,0,0.01,0
0,0,0,0,0,0
0,0.01,0,0.05,0,0.04
0,0,0,0,0,0
0,0,0,0,0,0
0,0,0,0,0,0
0,0,0,0,0,0
0.01,0.11,0.33,0.61,0.1,0.13
0,0.03,0,0.02,0.02,0.02
0,0.08,0.12,0,0,0.01
0,0,0,0,0,0
0,0,0,0,0,0.01
0.01,0,0,0.01,0,0
0,0,0,0,0,0
0,0,0,0,0,0
0,0.01,0,0.01,0,0
0,0,0,0,0.02,0
0.01,0.01,0.05,0.02,0.04,0
0,0,0,0,0,0
0,0,0,0.01,0,0
0,0,0,0,0,0
0,0,0,0,0.01,0
0.17,0.06,0.03,0.02,0.04,0.02
0,0,0,0,0,0
0,0,0,0,0,0
0,0,0,0,0,0
0,0,0,0,0,0
0,0,0,0,0,0
0,0,0,0,0,0
0,0,0,0,0,0
0,0,0,0,0,0
0,0,0,0,0,0
0.76,0.55,1.04,0.58,0.88,0.41
0,0,0.01,0.19,0,0.22
0,0,0,0.01,0,0
0,0,0,0,0,0
0.46,0.56,1.08,0.92,1.07,0.67
0,0,0,0.01,0.01,0
0,0,0,0.01,0,0
0,0,0,0,0,0
0,0,0,0,0.01,0
0,0,0,0,0,0
0,0,0,0,0,0
0,0,0,0,0.01,0
0.01,0,0,0,0,0
0.16,0.2,0.13,0.17,0.13,0.08
0,0,0,0,0,0
0,0,0,0,0,0
0,0,0,0.01,0,0
0,0,0,0,0,0
0,0,0,0,0,0
0,0,0,0,0,0
0,0,0,0,0.01,0
0,0,0,0,0,0
0.42,0.33,0.02,0.12,0,0.04
0.09,0.22,0.15,0.15,0,1.98
0.01,0.03,0.01,0,0.01,0.01
0,0.01,0,0,0,0
0,0,0,0,0.01,0
0,0,0,0.03,0,0
0.05,0,0,0,0.03,0
0.01,0,0.12,0.11,0.01,0.03
0.08,0.11,0.2,0.12,0.21,0.16
0,0,0,0,0,0.02
0,0,0,0,0,0
0.01,0,0,0.05,0.01,0
0.1,0.04,0.02,0.01,0.02,0.07
0,0.01,0,0,0,0
0.01,0,0,0,0.04,0.01
0,0.02,0.01,0,0.1,0.04
0,0.01,0,0,0,0
0,0,0,0,0,0
0,0,0,0,0,0
0,0,0,0,0,0
0,0,0,0,0,0
0,0,0,0,0,0
0,0,0,0,0,0
0,0,0,0,0,0
0.02,0.01,0,0,0,0
0,0,0,0.31,0.01,0
0,0.01,0,0.01,0,0.01
0.06,0.15,0,0,0,0
0.67,0.81,1.77,0.86,0.64,0.18
0,0,0.01,0.01,0,0
0,0,0,0,0,0
0,0,0,0,0,0
0,0,0,0,0,0
0,0,0,0,0,0
0,0,0,0,0,0
0,0,0,0,0,0
0,0,0,0,0,0
0,0,0,0,0,0
0,0,0,0.03,0,0
0,0,0,0.02,0.01,0
0,0,0,0,0,0
0,0,0,0,0,0
0,0,0,0,0.01,0
0,0,0,0,0,0
0,0,0,0.03,0.15,0.26
0,0,0,0,0,0
0,0,0,0,0,0
0,0,0,0,0.01,0
0,0,0,0,0,0
0,0,0,0,0,0.48
0,0,0.08,0,0,0.85
0,0,0,0,0,0
0.11,0.07,0.55,1.34,0.31,0.03
0.4,0.62,0.5,0.06,0.11,0.41
0.02,0.04,0,0,0.02,0.02
1.76,0.94,0.38,0.42,1.69,0.73
0.01,0.01,0,0.01,0,0.01
0,0,0,0.01,0.04,0
0,0,0,0,0.01,0
0.1,0.01,0.91,0.91,0.13,0.09
0.31,0.52,0.18,0.26,0.24,0.4
0.46,0.57,0.79,0.72,0.89,1.3
0,0,0,0,0,0
0,0,0,0,0,0
0,0,0,0,0,0
0,0,0,0,0,0
0,0.01,0,0,0,0
0.15,0.13,0.52,0.91,0.28,0.47
0.1,0.14,0.17,0.18,0.12,0.11
0.12,0.06,0.03,0.01,0.32,0.2
0.01,0,0,0.01,0.01,0
0,0,0.3,0.06,1.06,0
0,0,0,0.02,0,0
0,0,0,0,0,0
0.01,0.04,0,0.1,0,0.16
0,0,0,0,0.01,0
0,0,0,0,0,0
0.02,0,0,0,0,0
0.12,0.67,0.1,0.02,0,0
0.02,0,0,0,0.05,0.08
0,0,0,0,0,0
0,0,0,0,0,0
0,0,0,0,0,0
0.03,0.08,0,0,0,0
0.51,0.12,1.88,0.01,0.01,0.22
0,0,0.17,0.13,0,0.01
0.09,0,0.21,0.01,0,0
0.01,0,0,0,0,0.02
0.05,0,0.01,0.04,0,0
0.01,0.02,0,0,0,0
0,0,0,0.01,0.06,0
0,0.01,0.04,0.09,0.03,0
0.02,0,0,0,0,0
0,0.02,0,0.02,0,0
0,0,0,0,0.03,0
0.01,0.25,0.02,0.47,0.55,0.22
0.21,0.24,0.19,0.23,0.1,0.05
0.01,0,0,0,0.04,0.27
0,0,0,0,0,0
0.39,0.54,0.86,0.16,0.02,0
0,0.01,0,0.01,0.01,0.06
0,0,0,0,0.01,0
0.47,0.54,0.01,0,1.03,0.49
1,1.13,0.86,1.23,1.79,0.14
0.14,0.08,0.01,0,0.06,0
0,0,0,0,0,0
0,0,0,0,0,0
0,0,0,0,0,0
0,0,0,0,0,0
0,0,0,0,0,0
0,0,0,0,0,0
0,0,0,0,0,0
0,0.69,0,0,0.29,0.03
0,0,0,0,0.01,0
0,0.36,0.2,0.02,0.05,0
0,0,0,0,0.01,0
0,0,0,0.16,0,0
0,0,0,0,0,0
0.03,0.49,0,0,1.16,0
0,0,0,0.12,0,0.13
0,0,0,0.82,0,1.47
0.04,0.12,0.04,0.41,0,0.31
0.22,0.21,0.1,0.53,0.16,0
0.06,0.02,0,0.01,0,0
0.04,0.03,0.06,0,0.08,0
0.01,0.38,0.15,0,0.08,0
0,0.12,0.01,0.01,0.03,0.11
0,0.07,0.01,0.01,0,0.02
0.01,0,0,0,0,0
0.03,0.52,0,0,1.31,0.39
0.67,0.11,0.1,0,0.04,0
0,0,0,0.09,0,0
0,0,0,0,0,0
0,0,0,0,0,0
0.08,0.03,0,0,0,0
0.01,0,0,0,0,0
0,0,0,0,0,0
0.27,0.25,0,0.2,0,0.16
0.01,0.03,0.52,0.66,0.06,0.27
0.02,0,0.03,0.03,0.26,0.15
1.46,0.1,3.21,1.03,1.15,1.74
0.4,0.18,0,0,0.09,0.07
0,0,0.71,0,0.31,1
0.47,0.18,0,0,0,0.24
0.14,0.24,0,0,0.37,0.32
0.01,0.04,0.27,0.32,0,0
0.18,0.09,0.65,0.12,0.54,0.03
0.2,0.33,0,0.02,0.09,0.76
0.44,0,0.05,0.04,0.01,0.12
0.27,0.36,0.59,0.04,0.01,0.15
0.01,0.12,0.58,0.1,0.05,0
0.01,0,0.01,0.01,0.01,0
0.33,0.15,0,0,0.04,0.03
0.01,0,0,0.01,0,0
0.14,0.06,0.73,0.7,0.69,0.03
0.2,0.73,1.34,0.25,0.15,0.88
0.61,0.12,0.08,0.82,0.02,0.17
0.01,0.01,0.39,0.83,0.03,0.31
0.01,0.04,0,0,0.01,0.66
0.02,0.04,0.65,0.27,0.08,1.48
0,0,0,0.01,0.01,0
0,0,0,0,0,0.01
0.02,0.14,0,1.38,0,0.06
0,0,0,0.01,0,0
0,0.02,2.17,0.1,0.03,0.92
0.22,0.05,0.43,0,0.12,0.01
0,0,0.41,0.16,0.01,0.15
2.02,0.74,0.23,0.12,1.33,0.94
0,0.03,0,0.01,0,0.02
0.54,0.47,0.22,0.59,0.05,0.01
0.01,0.03,0,0.05,0.01,0.72
0.23,0,0,0.02,0,0
0.24,0.41,0.09,0.02,0.6,0.03
0.01,0,0,0,0.15,0
0.64,0.78,0,0,0.07,0
0.01,0,0,0.03,0.17,0.2
0,0.49,0.01,0.4,1.49,0
0,0.07,0,0.01,1.22,0
0.29,0.6,2.54,0,0.85,0
0.01,0,0.15,0.06,0.04,0.29
0.29,0.2,0.5,1.54,0.33,0.97
0.2,0.06,0.02,0.06,0.04,0
0,0.04,0.26,0.31,0.03,0.09
0.25,0.07,0.25,0.12,0.17,0.3
1.49,1.3,3.27,1.97,0.52,1.56
1.99,2.43,0.01,0,0.27,0
0.01,0.01,0.43,0,0.01,0.01
0,0.11,0.01,0.3,0,0
0,0,0.7,0.02,0.03,0
0,0,0,0,0.01,0
0.04,0.07,0.04,0.06,1.12,0.25
0.37,0.08,0.29,1.05,0.06,0.54
0.02,0.06,0.1,0.58,0.02,0.41
0.06,0.12,0,0,0.01,0.01
0,0.09,0,0.04,0,0.29
0,0,0,0.01,0.7,0.01
0.1,0.18,0.14,0,0.35,0.01
0.15,0.02,0.1,0.01,0.01,0
0.04,0.04,0,0.23,0,0.57
0.01,0,0,0.01,0,0.01
0.08,0.11,0.33,0,0.2,0
1.04,0.8,0.69,2.52,0.68,1.58
1.45,0.52,1.59,1.44,0.51,0.73
0.34,0.26,0.61,0.31,0.05,0.13
0,0,0.06,0.06,0.01,0
0.1,0,0.11,0.13,0,0.27
0.11,0.12,0,0.01,0.01,0
0.3,0.73,1.56,0.46,4.09,0.36
0,0.04,0,0.01,0,0.29
0,0,0,0,0.01,0
0.04,0.13,0.02,0.05,0.07,0.44
0.1,0.06,0,0.01,0.11,0.57
0.03,0.03,0,0.06,1.07,0
0,0,0,0.03,0,0
0,0.15,0.12,0.07,0.37,0.74
0,0,0,0.01,0.02,0.01
0,0,0,0,0,0
0,0,0,0,0,0
0,0,0,0,0,0
0.01,0.05,0.02,0,0.04,0
0.07,0.03,0.09,0.06,0.06,0.12
0,0,0.02,0.02,0,0.01
0.03,0,0.01,0.06,0.01,0.31
0.03,0,0,0,0.02,0.14
0.02,0.62,0.43,0.29,0.33,0.75
0.21,0.04,0.33,0.26,0.19,0.22
0.01,0.01,0,0.01,0.02,0.01
0,0,0,0,0,0
0.13,0.25,0,0.25,0,0.14
0.01,0,0,0.02,0,0
0,0,0,0,0,0
0.02,0,2.53,0.9,0.12,0.87
0.01,0,0,0,0,0
0,0,0.03,0.27,0.08,0.08
0,0,0,0,0,0.01
0,0,0,0,0,0
0,0,0.06,0,0.01,0
0,0.02,0.03,0.01,0.02,0.01
0.02,0.01,0.01,0.03,0.01,0.01
0,0,0,0,0.01,0
0,0,0,0,0.01,0.12
0,0,0.04,0.01,0.01,0.09
0,0,0.01,0.03,0,0
0.02,0.04,0.16,0.05,0.58,0.15
0,0,0,0.02,0.01,0.01
0,0,0,0,0,0
0,0,0,0,0,0
0,0,0,0,0,0
0,0,0,0.01,0,0
0,0,0,0,0,0
0.04,0.02,0,0,0,0.06
0,0,0,0,0,0
0,0,0,0.04,0,0
0,0,0,0.05,0,0
0,0,0,0,0,0
0,0,0,0.01,0,0
0,0,0,0.21,0.01,0.01
0,0.01,0,0.01,0.34,0.33
0.15,0,0.01,0.17,0,0.01
0,0,0.09,0.01,0,0.01
0,0.01,0.01,0.02,0.08,0.16
0,0,0,0.01,0.01,0
0,0,0,0,0,1.48
0.18,0.6,0.59,0.99,1.13,1.61
0.27,0.68,0.63,0.23,0.06,0.18
0,0,0,0,0.01,0
0.09,0.06,0.01,0,0.02,0.01
0.53,0.7,0.5,0.27,0.81,0.73
0.55,0.54,0.19,0.2,0.03,0.29
0,0,0,0,0,0
0,0,0,0,0,0
0,0,0,0,0,0
0.02,0,0,0,0,0
0.23,0.18,0,0,0.01,0
0.03,0,0.01,0.02,0.04,0
0,0.01,0,0.01,0.01,0.02
0,0,0,0,0,0
0.06,0,0.01,0.18,0,0.04
0.87,0.7,0.66,1.26,0.57,0.14
0.07,0.07,0.77,0.78,0.18,1.24
0.47,0.35,2.45,2.33,1.28,1.14
1.41,1.3,3.5,2.06,1.62,3.58
0.01,0.01,0.1,0.03,0,0.01
0.09,0.39,0,0,0,0.01
0,0,0,0.01,0,0
0,0.01,0,0,0,0
0,0.01,0,0.01,0,0
0,0,0,0,0,0
0.01,0,0.12,0,0,0.01
0.08,0.06,0.05,0.01,0.06,0.06
0,0,0,0.11,0.01,0.08
0.01,0,0,0.02,0.01,0.01
0,0,0,0,0,0
0,0,0,0,0.01,0
0.16,0.4,0.17,0.01,0.14,0.61
0,0,0,0.01,0,0
0,0,0,0,0.01,0
0.07,0.05,0.01,0.1,0,0.01
0.73,0.65,0.55,1.96,0.36,1.08
0.01,0,0,0.01,0.01,0
0,0,0,0,0,0
0,0,0,0,0,0
0.13,0.04,0,0.06,0.02,0.01
0.01,0,0.01,0.01,0,0
0.01,0,0,0,0,0
0,0,0,0,0.01,0
0.02,0.03,0.01,0.05,0.19,0.03
0.01,0,0,0.01,0.01,0
